Name,Alignment,Intelligence,Strength,Speed,Durability,Power,Combat,Total,Character ID
3-D Man,good,50,31,43,32,25,52,233,3_d_man
A-Bomb,good,38,100,17,80,17,64,316,a_bomb
Abe Sapien,good,88,14,35,42,35,85,299,abe_sapien
Abin Sur,good,50,90,53,64,84,65,406,abin_sur
Abomination,bad,63,80,53,90,55,95,436,abomination
Abraxas,bad,88,100,83,99,100,56,526,abraxas
Adam Monroe,good,63,10,12,100,71,64,320,adam_monroe
Adam Strange,good,1,1,1,1,0,1,5,adam_strange
Agent  13,good,1,1,1,1,0,1,5,agent_13
Agent Bob,good,10,8,13,5,5,20,61,agent_bob
Agent Zero,good,75,28,38,80,72,95,388,agent_zero
Air-Walker,bad,50,85,100,85,100,40,460,air_walker
Alan Scott,good,63,80,23,90,98,32,386,alan_scott
Alex Woolsly,good,1,1,1,1,0,1,5,alex_woolsly
Alfred Pennyworth,good,63,10,17,10,7,55,162,alfred_pennyworth
Allan Quatermain,good,1,1,1,1,0,1,5,allan_quatermain
Amazo,bad,75,100,100,100,100,100,575,amazo
Ammo,bad,1,1,1,1,0,1,5,ammo
Ando Masahashi,good,1,1,1,1,0,1,5,ando_masahashi
Angel,good,63,13,46,64,17,42,245,angel
Angel Salvadore,good,38,10,28,28,46,60,210,angel_salvadore
Angela,bad,1,1,1,1,0,1,5,angela
Animal Man,good,56,48,47,85,73,80,389,animal_man
Annihilus,bad,75,80,47,56,59,64,381,annihilus
Ant-Man,good,100,10,23,28,32,32,225,ant_man
Ant-Man II,good,63,10,23,28,32,28,184,ant_man_ii
Anti-Monitor,bad,88,90,38,90,100,90,496,anti_monitor
Anti-Spawn,bad,1,1,1,1,0,1,5,anti_spawn
Anti-Venom,,75,60,65,90,85,84,459,anti_venom
Apocalypse,bad,100,100,33,100,100,60,493,apocalypse
Aquababy,good,10,16,12,14,37,14,103,aquababy
Aqualad,good,63,44,42,75,76,60,360,aqualad
Aquaman,good,63,80,50,80,65,80,418,aquaman
Arachne,good,1,1,1,1,0,1,5,arachne
Archangel,good,63,13,58,64,28,42,268,archangel
Arclight,bad,38,63,23,42,52,70,288,arclight
Ares,good,75,82,35,80,62,101,435,ares
Ariel,good,50,10,12,14,72,28,186,ariel
Armor,good,50,63,12,80,55,54,314,armor
Arsenal,good,1,1,1,1,0,1,5,arsenal
Astro Boy,good,1,1,1,1,0,1,5,astro_boy
Atlas,good,50,80,23,99,69,42,363,atlas
Atom,good,1,1,1,1,0,1,5,atom
Atom Girl,good,38,10,23,28,38,42,179,atom_girl
Atom I,good,1,1,1,1,0,1,5,atom_i
Atom II,good,1,1,1,1,0,1,5,atom_ii
Atom III,good,1,1,1,1,0,1,5,atom_iii
Atom IV,good,1,1,1,1,0,1,5,atom_iv
Aurora,good,50,15,83,56,69,56,329,aurora
Azazel,bad,50,11,47,95,87,80,370,azazel
Azrael,good,63,18,17,20,35,80,233,azrael
Aztar,good,1,1,1,1,0,1,5,aztar
Bane,bad,88,53,23,56,51,95,366,bane
Banshee,good,50,10,58,42,60,70,290,banshee
Bantam,good,25,53,23,54,21,56,232,bantam
Batgirl I,good,1,1,1,1,0,1,5,batgirl_i
Batgirl II,good,1,1,1,1,0,1,5,batgirl_ii
Batgirl III,good,1,1,1,1,0,1,5,batgirl_iii
Batgirl IV,good,69,12,27,56,42,100,306,batgirl_iv
Batgirl V,good,1,1,1,1,0,1,5,batgirl_v
Batgirl VI,good,75,10,23,28,22,80,238,batgirl_vi
Batman,good,100,18,27,42,37,100,324,batman
Batman II,good,88,11,33,28,36,100,296,batman_ii
Battlestar,good,50,53,35,74,48,74,334,battlestar
Beak,good,1,1,1,1,0,1,5,beak
Beast,good,88,48,35,56,35,84,346,beast
Beast Boy,good,50,28,50,70,79,40,317,beast_boy
Beetle,bad,1,1,1,1,0,1,5,beetle
Ben 10,good,10,7,8,10,90,40,165,ben_10
Beta Ray Bill,good,63,80,35,95,100,84,457,beta_ray_bill
Beyonder,good,88,100,23,100,100,56,467,beyonder
Big Barda,good,63,90,23,85,42,72,375,big_barda
Big Daddy,good,38,10,12,32,22,64,178,big_daddy
Big Man,bad,75,12,23,28,19,70,227,big_man
Bill Harken,good,63,36,33,60,23,40,255,bill_harken
Billy Kincaid,bad,1,1,1,1,0,1,5,billy_kincaid
Binary,good,1,1,1,1,0,1,5,binary
Bird-Brain,good,25,10,35,28,21,42,161,bird_brain
Bird-Man,bad,1,1,1,1,0,1,5,bird_man
Bird-Man II,bad,1,1,1,1,0,1,5,bird_man_ii
Birdman,good,1,1,1,1,0,1,5,birdman
Bishop,good,63,14,23,75,85,65,325,bishop
Bizarro,neutral,75,95,100,100,95,85,550,bizarro
Black Abbott,bad,1,1,1,1,0,1,5,black_abbott
Black Adam,bad,88,100,92,100,89,56,525,black_adam
Black Bolt,good,75,67,100,84,100,56,482,black_bolt
Black Canary I,good,1,1,1,1,0,1,5,black_canary_i
Black Canary II,good,1,1,1,1,0,1,5,black_canary_ii
Black Cat,good,75,16,33,10,23,70,227,black_cat
Black Goliath,good,1,1,1,1,0,1,5,black_goliath
Black Knight III,good,63,10,8,70,43,70,264,black_knight_iii
Black Lightning,good,50,11,53,28,70,75,287,black_lightning
Black Mamba,bad,75,10,35,42,78,65,305,black_mamba
Black Panther,good,88,16,30,60,41,100,335,black_panther
Black Widow,good,75,13,27,32,32,100,279,black_widow
Black Widow II,good,1,1,1,1,0,1,5,black_widow_ii
Blackout,bad,63,32,45,80,38,65,323,blackout
Blackwing,bad,38,10,35,32,20,56,191,blackwing
Blackwulf,,50,28,8,30,59,25,200,blackwulf
Blade,good,63,28,38,50,33,90,302,blade
Blaquesmith,good,1,1,1,1,0,1,5,blaquesmith
Bling!,good,69,14,12,90,52,28,265,bling
Blink,good,50,8,20,28,55,64,225,blink
Blizzard,bad,1,1,1,1,0,1,5,blizzard
Blizzard I,bad,1,1,1,1,0,1,5,blizzard_i
Blizzard II,bad,38,10,27,42,47,56,220,blizzard_ii
Blob,bad,10,83,23,95,26,72,309,blob
Bloodaxe,bad,63,80,33,80,84,84,424,bloodaxe
Bloodhawk,good,50,10,50,80,66,64,320,bloodhawk
Bloodwraith,bad,1,1,1,1,0,1,5,bloodwraith
Blue Beetle,good,1,1,1,1,0,1,5,blue_beetle
Blue Beetle I,good,1,1,1,1,0,1,5,blue_beetle_i
Blue Beetle II,good,1,1,1,1,0,1,5,blue_beetle_ii
Blue Beetle III,good,50,34,58,80,97,30,349,blue_beetle_iii
Bolt,good,1,1,1,1,0,1,5,bolt
Bomb Queen,bad,1,1,1,1,0,1,5,bomb_queen
Boom Boom,good,38,10,12,42,56,64,222,boom_boom
Boomer,good,1,1,1,1,0,1,5,boomer
Booster Gold,good,56,85,53,50,72,40,356,booster_gold
Box,good,1,1,1,1,0,1,5,box
Box III,good,1,1,1,1,0,1,5,box_iii
Box IV,good,50,75,23,28,11,56,243,box_iv
Brainiac,bad,100,28,63,90,60,75,416,brainiac
Brainiac 5,good,100,10,23,28,60,32,253,brainiac_5
Brother Voodoo,good,1,1,1,1,0,1,5,brother_voodoo
Bullseye,bad,50,11,25,70,20,70,246,bullseye
Bumblebee,good,63,28,25,10,45,35,206,bumblebee
Bumbleboy,good,1,1,1,1,0,1,5,bumbleboy
Bushido,good,38,10,8,10,19,70,155,bushido
Cable,good,88,48,23,56,100,80,395,cable
Callisto,bad,63,53,23,42,45,85,311,callisto
Cameron Hicks,good,50,10,23,28,51,70,232,cameron_hicks
Cannonball,good,50,28,67,99,79,56,379,cannonball
Captain America,good,63,19,35,56,46,100,319,captain_america
Captain Atom,good,1,1,1,1,0,1,5,captain_atom
Captain Britain,good,75,77,50,60,31,80,373,captain_britain
Captain Epic,good,1,1,1,1,0,1,5,captain_epic
Captain Mar-vell,good,1,1,1,1,0,1,5,captain_mar_vell
Captain Marvel,good,100,100,67,95,62,56,480,captain_marvel
Captain Marvel II,good,75,81,27,90,34,56,363,captain_marvel_ii
Captain Planet,good,1,1,1,1,0,1,5,captain_planet
Captain Universe,good,1,1,1,1,0,1,5,captain_universe
Carnage,bad,63,63,70,84,81,90,451,carnage
Cat,good,1,1,1,1,0,1,5,cat
Cat II,good,1,1,1,1,0,1,5,cat_ii
Catwoman,good,63,13,33,28,24,85,246,catwoman
Cecilia Reyes,good,1,1,1,1,0,1,5,cecilia_reyes
Century,good,88,80,53,64,74,100,459,century
Cerebra,good,1,1,1,1,0,1,5,cerebra
Chamber,good,50,10,20,80,57,64,281,chamber
Chameleon,bad,88,10,12,28,28,28,194,chameleon
Changeling,bad,63,10,23,42,64,64,266,changeling
Cheetah I,bad,1,1,1,1,0,1,5,cheetah_i
Cheetah II,bad,1,1,1,1,0,1,5,cheetah_ii
Cheetah III,bad,1,1,1,1,0,1,5,cheetah_iii
Chromos,bad,1,1,1,1,0,1,5,chromos
Chuck Norris,good,50,80,47,56,42,99,374,chuck_norris
Claire Bennet,good,38,9,12,100,73,28,260,claire_bennet
Clea,good,1,1,1,1,0,1,5,clea
Cloak,good,63,10,47,64,74,56,314,cloak
Cogliostro,bad,1,1,1,1,0,1,5,cogliostro
Colin Wagner,good,1,1,1,1,0,1,5,colin_wagner
Colossal Boy,good,1,1,1,1,0,1,5,colossal_boy
Colossus,good,63,83,33,100,46,80,405,colossus
Corsair,good,1,1,1,1,0,1,5,corsair
Crimson Crusader,good,1,1,1,1,0,1,5,crimson_crusader
Crimson Dynamo I,good,1,1,1,1,0,1,5,crimson_dynamo_i
Crystal,good,63,16,12,14,57,56,218,crystal
Curse,bad,1,1,1,1,0,1,5,curse
Cy-Gor,bad,1,1,1,1,0,1,5,cy_gor
Cyborg,good,75,53,42,85,72,64,391,cyborg
Cyborg Superman,bad,75,93,92,100,100,80,540,cyborg_superman
Cyclops,good,75,10,23,42,76,80,306,cyclops
Cypher,good,1,1,1,1,0,1,5,cypher
Dagger,good,63,10,35,42,52,70,272,dagger
Danny Cooper,good,1,1,1,1,0,1,5,danny_cooper
Daphne Powell,good,38,10,8,10,56,10,132,daphne_powell
Daredevil,good,75,13,27,28,57,95,295,daredevil
Darkhawk,good,50,32,33,70,74,64,323,darkhawk
Darkman,good,75,14,23,85,12,28,237,darkman
Darkseid,bad,88,100,23,100,100,95,506,darkseid
Darkside,bad,1,1,1,1,0,1,5,darkside
Darkstar,good,38,8,35,42,52,64,239,darkstar
Dash,good,9,4,83,42,12,28,178,dash
Dazzler,good,63,10,35,42,64,56,270,dazzler
Deadman,good,50,10,33,100,100,42,335,deadman
Deadpool,neutral,50,15,30,100,100,100,395,deadpool
Deadshot,bad,50,10,23,28,47,80,238,deadshot
Deathlok,good,69,32,30,70,40,60,301,deathlok
Deathstroke,neutral,75,30,35,100,36,90,366,deathstroke
Demogoblin,bad,50,48,42,35,54,60,289,demogoblin
Destroyer,bad,50,95,58,98,90,70,461,destroyer
DL Hawkins,good,50,12,12,56,48,56,234,dl_hawkins
Doc Samson,good,75,80,33,80,36,70,374,doc_samson
Doctor Doom,bad,100,32,20,100,93,84,429,doctor_doom
Doctor Doom II,bad,1,32,1,1,0,1,36,doctor_doom_ii
Doctor Fate,good,81,16,25,80,100,50,352,doctor_fate
Doctor Octopus,bad,1,1,1,1,0,1,5,doctor_octopus
Doctor Strange,good,100,10,12,84,100,60,366,doctor_strange
Domino,good,63,10,27,28,49,74,251,domino
Donna Troy,good,1,1,1,1,0,1,5,donna_troy
Doomsday,bad,88,80,67,120,100,90,545,doomsday
Doppelganger,bad,8,63,60,95,62,84,372,doppelganger
Dormammu,bad,88,95,83,100,100,80,546,dormammu
Dr Manhattan,good,88,32,42,95,100,42,399,dr_manhattan
Ego,bad,88,80,83,99,71,28,449,ego
Elastigirl,good,38,32,12,90,20,14,206,elastigirl
Electro,bad,69,10,50,56,67,64,316,electro
Elektra,good,63,11,30,28,59,100,291,elektra
Elle Bishop,bad,50,8,12,42,63,42,217,elle_bishop
Elongated Man,good,38,10,27,90,41,42,248,elongated_man
Emma Frost,good,75,63,35,90,82,42,387,emma_frost
Energy,good,1,1,1,1,0,1,5,energy
ERG-1,good,1,1,1,1,0,1,5,erg_1
Evilhawk,bad,50,32,33,70,78,64,327,evilhawk
Exodus,bad,63,81,28,28,100,70,370,exodus
Fabian Cortez,bad,1,1,1,1,0,1,5,fabian_cortez
Falcon,good,38,13,50,28,22,64,215,falcon
Fallen One II,bad,88,85,83,100,100,56,512,fallen_one_ii
Faora,bad,88,95,75,100,87,90,535,faora
Feral,good,38,28,45,28,20,70,229,feral
Fighting Spirit,good,1,1,1,1,0,1,5,fighting_spirit
Fin Fang Foom,good,50,81,23,100,68,70,392,fin_fang_foom
Firebird,good,38,8,40,14,90,42,232,firebird
Firelord,good,38,63,75,90,48,28,342,firelord
Firestar,good,50,8,54,55,71,32,270,firestar
Firestorm,good,50,53,58,56,100,42,359,firestorm
Fixer,bad,1,1,1,1,0,1,5,fixer
Flash Gordon,good,1,1,1,1,0,1,5,flash_gordon
Flash I,good,63,10,100,50,57,32,312,flash_i
Flash II,good,63,10,100,60,66,32,331,flash_ii
Flash III,good,63,10,100,60,83,32,348,flash_iii
Flash IV,good,63,10,100,32,59,48,312,flash_iv
Forge,good,63,10,12,28,12,48,173,forge
Franklin Richards,good,1,1,1,1,0,1,5,franklin_richards
Franklin Storm,good,38,10,1,1,0,10,60,franklin_storm
Frenzy,bad,63,53,35,100,38,52,341,frenzy
Frigga,good,1,1,1,1,0,1,5,frigga
Galactus,neutral,100,100,83,100,100,70,553,galactus
Gambit,good,63,10,23,28,55,84,263,gambit
Garbage Man,good,1,1,1,1,0,1,5,garbage_man
Gary Bell,good,63,5,8,10,54,10,150,gary_bell
General Zod,bad,94,100,96,100,94,95,579,general_zod
Genesis,good,1,1,1,1,0,1,5,genesis
Ghost Rider,good,50,55,25,100,70,60,360,ghost_rider
Ghost Rider II,good,1,1,1,1,0,1,5,ghost_rider_ii
Giant-Man,good,1,1,1,1,0,1,5,giant_man
Giant-Man II,good,1,1,1,1,0,1,5,giant_man_ii
Giganta,bad,81,89,23,85,32,42,352,giganta
Goblin Queen,bad,75,10,23,28,65,56,257,goblin_queen
Gog,bad,50,34,47,72,39,56,298,gog
Goku,good,56,100,75,90,100,100,521,goku
Goliath,good,1,1,1,1,0,1,5,goliath
Goliath II,good,1,1,1,1,0,1,5,goliath_ii
Goliath III,bad,1,1,1,1,0,1,5,goliath_iii
Goliath IV,good,1,1,1,1,0,1,5,goliath_iv
Granny Goodness,bad,1,1,1,1,0,1,5,granny_goodness
Gravity,good,50,32,33,40,72,30,257,gravity
Green Arrow,good,75,12,35,28,26,90,266,green_arrow
Green Goblin,bad,75,48,35,48,38,28,272,green_goblin
Green Goblin II,bad,75,55,37,50,38,26,281,green_goblin_ii
Green Goblin III,good,1,1,1,1,0,1,5,green_goblin_iii
Green Goblin IV,good,1,1,1,1,0,1,5,green_goblin_iv
Groot,good,75,85,33,70,92,64,419,groot
Guardian,good,1,1,1,1,0,1,5,guardian
Guy Gardner,good,38,80,27,64,97,64,370,guy_gardner
Hal Jordan,good,63,90,53,64,100,56,426,hal_jordan
Hancock,good,50,85,65,100,70,28,398,hancock
Harley Quinn,bad,81,12,23,42,30,80,268,harley_quinn
Havok,good,63,10,25,60,71,45,274,havok
Hawk,good,38,38,35,95,36,42,284,hawk
Hawkeye,good,50,12,23,14,26,80,205,hawkeye
Hawkeye II,good,50,6,8,10,24,50,148,hawkeye_ii
Hawkgirl,good,50,28,53,99,74,72,376,hawkgirl
Hawkman,good,1,1,1,1,0,1,5,hawkman
Hawkwoman I,good,1,1,1,1,0,1,5,hawkwoman_i
Hawkwoman II,good,1,1,1,1,0,1,5,hawkwoman_ii
Hawkwoman III,good,1,1,1,1,0,1,5,hawkwoman_iii
Hellboy,good,63,53,23,85,30,75,329,hellboy
Hellcat,good,50,10,23,42,18,70,213,hellcat
Hellstorm,good,1,1,1,1,0,1,5,hellstorm
Hercules,good,63,100,46,85,67,100,461,hercules
Hiro Nakamura,good,1,1,1,1,0,1,5,hiro_nakamura
Hit-Girl,good,10,8,23,14,21,56,132,hit_girl
Hobgoblin,bad,1,1,1,1,0,1,5,hobgoblin
Hollow,good,1,1,1,1,0,1,5,hollow
Hope Summers,good,63,10,12,32,89,75,281,hope_summers
Howard the Duck,good,1,1,1,1,0,1,5,howard_the_duck
Hulk,good,88,100,47,100,41,85,461,hulk
Human Torch,good,56,10,63,70,74,42,315,human_torch
Huntress,good,69,10,23,28,34,95,259,huntress
Husk,good,63,63,35,78,53,64,356,husk
Hydro-Man,bad,38,13,25,80,66,50,272,hydro_man
Hyperion,good,63,95,75,95,58,72,458,hyperion
Iceman,good,63,32,53,100,100,64,412,iceman
Impulse,good,50,10,100,60,63,60,343,impulse
Ink,good,38,28,17,40,66,50,239,ink
Invisible Woman,good,69,10,27,70,74,56,306,invisible_woman
Iron Fist,good,75,23,35,42,43,100,318,iron_fist
Iron Man,good,100,85,58,85,100,64,492,iron_man
Iron Monger,bad,88,63,25,90,57,56,379,iron_monger
Ironman,good,1,1,1,1,0,1,5,ironman
Isis,good,75,48,75,46,43,56,343,isis
Jack Bauer,good,1,1,1,1,0,1,5,jack_bauer
Jack of Hearts,good,63,55,100,30,70,30,348,jack_of_hearts
Jack-jack,good,6,34,67,80,69,6,262,jack_jack
Jean Grey,good,100,80,67,100,100,70,517,jean_grey
Jennifer Kale,good,75,10,35,42,61,72,295,jennifer_kale
Jessica Sanders,good,1,1,1,1,0,1,5,jessica_sanders
Jigsaw,bad,1,1,1,1,0,1,5,jigsaw
Jim Powell,good,38,38,23,80,23,20,222,jim_powell
JJ Powell,good,88,10,8,10,14,10,140,jj_powell
Johann Krauss,good,1,1,1,1,0,1,5,johann_krauss
John Stewart,good,50,80,27,64,94,54,369,john_stewart
John Wraith,good,75,12,35,28,65,80,295,john_wraith
Joker,bad,100,10,12,56,22,90,290,joker
Jolt,good,63,12,27,32,31,42,207,jolt
Jubilee,good,56,8,22,20,66,90,262,jubilee
Juggernaut,neutral,44,100,42,100,74,70,430,juggernaut
Junkpile,bad,50,38,17,90,71,30,296,junkpile
Justice,good,50,10,33,70,55,30,248,justice
Kang,bad,100,48,58,70,71,70,417,kang
Kevin 11,bad,25,7,12,14,100,40,198,kevin_11
Kick-Ass,good,10,10,23,14,21,56,134,kick_ass
Kid Flash,good,25,4,92,42,13,30,206,kid_flash
Kid Flash II,good,1,1,1,1,0,1,5,kid_flash_ii
Killer Croc,bad,25,48,33,85,36,60,287,killer_croc
Kilowog,good,81,90,53,42,100,80,446,kilowog
Kingpin,bad,75,18,25,40,13,70,241,kingpin
Klaw,bad,63,38,33,100,62,60,356,klaw
Kool-Aid Man,good,25,10,12,14,10,14,85,kool_aid_man
Kraven II,bad,50,34,23,28,36,85,256,kraven_ii
Kraven the Hunter,bad,63,32,35,42,26,85,283,kraven_the_hunter
Krypto,good,9,80,100,90,72,40,391,krypto
Lady Bullseye,bad,1,1,1,1,0,1,5,lady_bullseye
Lady Deathstrike,bad,1,1,1,1,0,1,5,lady_deathstrike
Leader,bad,100,10,12,14,58,42,236,leader
Leech,good,25,5,12,14,62,14,132,leech
Lex Luthor,bad,100,10,12,14,10,28,174,lex_luthor
Light Lass,good,38,10,35,28,65,42,218,light_lass
Lightning Lad,good,38,10,23,28,60,42,201,lightning_lad
Lightning Lord,bad,44,10,23,42,66,42,227,lightning_lord
Living Brain,bad,75,53,35,56,31,28,278,living_brain
Liz Sherman,good,1,1,1,1,0,1,5,liz_sherman
Lizard,bad,38,51,27,70,40,56,282,lizard
Lobo,bad,88,83,35,100,95,85,486,lobo
Loki,bad,88,57,47,85,85,56,418,loki
Longshot,good,50,10,27,10,71,70,238,longshot
Luke Cage,good,44,55,23,95,35,64,316,luke_cage
Luke Campbell,bad,1,1,1,1,0,1,5,luke_campbell
Luna,good,38,6,83,14,53,14,208,luna
Lyja,good,1,1,1,1,0,1,5,lyja
Mach-IV,bad,75,36,60,84,60,56,371,mach_iv
Machine Man,good,63,32,35,84,51,64,329,machine_man
Magneto,bad,88,80,27,84,91,80,450,magneto
Magog,good,50,48,23,64,66,72,323,magog
Magus,bad,88,100,70,99,100,74,531,magus
Man-Bat,neutral,38,18,50,70,33,30,239,man_bat
Man-Thing,good,50,32,8,100,98,40,328,man_thing
Man-Wolf,good,63,44,35,42,38,70,292,man_wolf
Mandarin,bad,100,28,23,28,99,95,373,mandarin
Martian Manhunter,good,100,100,96,100,100,85,581,martian_manhunter
Marvel Girl,good,63,85,47,42,100,80,417,marvel_girl
Master Brood,good,1,1,1,1,0,1,5,master_brood
Master Chief,good,75,73,35,80,62,100,425,master_chief
Match,bad,75,95,83,85,90,70,498,match
Matt Parkman,good,63,10,12,14,59,56,214,matt_parkman
Maverick,good,63,10,12,42,60,85,272,maverick
Maxima,bad,75,90,35,56,67,75,398,maxima
Maya Herrera,good,50,10,12,14,60,14,160,maya_herrera
Medusa,good,75,34,35,70,35,56,305,medusa
Meltdown,good,38,10,12,42,58,64,224,meltdown
Mephisto,bad,88,85,35,95,100,42,445,mephisto
Mera,good,56,62,54,70,55,70,367,mera
Metallo,bad,75,53,23,95,74,64,384,metallo
Metamorpho,good,1,1,1,1,0,1,5,metamorpho
Meteorite,good,1,1,1,1,0,1,5,meteorite
Metron,good,88,10,47,56,69,28,298,metron
Micah Sanders,good,63,8,12,14,57,14,168,micah_sanders
Micro Lad,good,38,28,27,28,44,32,197,micro_lad
Mimic,good,63,67,47,56,79,42,354,mimic
Minna Murray,good,1,1,1,1,0,1,5,minna_murray
Misfit,good,63,32,23,80,62,42,302,misfit
Miss Martian,good,63,85,58,100,100,45,451,miss_martian
Mister Fantastic,good,100,10,18,70,32,64,294,mister_fantastic
Mister Freeze,bad,75,32,12,70,37,28,254,mister_freeze
Mister Mxyzptlk,bad,113,10,12,14,100,28,277,mister_mxyzptlk
Mister Sinister,bad,1,1,1,1,0,1,5,mister_sinister
Mogo,good,1,1,1,1,0,1,5,mogo
Mohinder Suresh,good,1,1,1,1,0,1,5,mohinder_suresh
Moloch,bad,1,1,1,1,0,1,5,moloch
Molten Man,bad,50,73,23,84,53,56,339,molten_man
Monarch,good,1,1,1,1,0,1,5,monarch
Monica Dawson,good,50,10,35,14,48,90,247,monica_dawson
Moon Knight,good,50,36,23,42,28,75,254,moon_knight
Moonstone,good,56,67,47,52,79,80,381,moonstone
Morlun,bad,63,60,35,42,59,56,315,morlun
Morph,good,1,1,1,1,0,1,5,morph
Moses Magnum,bad,75,28,12,42,55,56,268,moses_magnum
Mr Incredible,good,38,73,35,95,25,42,308,mr_incredible
Ms Marvel,good,63,80,47,52,70,80,392,ms_marvel
Ms Marvel II,good,38,63,23,84,11,56,275,ms_marvel_ii
Multiple Man,good,63,11,23,70,28,62,257,multiple_man
Mysterio I,bad,75,10,23,42,50,56,256,mysterio_i
Mystique,bad,75,12,23,64,58,74,306,mystique
Namor,good,1,1,1,1,0,1,5,namor
Namora,good,50,85,42,42,41,64,324,namora
Namorita,good,50,72,47,70,30,70,339,namorita
Naruto Uzumaki,good,50,80,32,80,100,100,442,naruto_uzumaki
Nathan Petrelli,good,1,1,1,1,0,1,5,nathan_petrelli
Nick Fury,good,75,11,23,42,25,100,276,nick_fury
Nightcrawler,good,50,10,47,14,52,80,253,nightcrawler
Nightwing,good,88,11,33,28,36,100,296,nightwing
Niki Sanders,good,63,52,35,28,37,56,271,niki_sanders
Nina Theroux,good,63,5,8,10,54,20,160,nina_theroux
Nite Owl II,good,1,1,1,1,0,1,5,nite_owl_ii
Northstar,good,50,18,83,56,70,70,347,northstar
Nova,good,100,85,67,101,100,85,538,nova
Nova,good,38,60,100,100,100,25,423,nova
Offspring,good,50,10,35,99,100,56,350,offspring
Omega Red,bad,1,1,1,1,0,1,5,omega_red
Omniscient,good,1,1,1,1,0,1,5,omniscient
Onslaught,bad,88,85,47,100,100,85,505,onslaught
Oracle (DC),good,75,11,23,28,19,76,232,oracle_(dc)
Osiris,good,75,85,60,95,65,42,422,osiris
Overtkill,bad,1,1,1,1,0,1,5,overtkill
Penance,good,1,1,1,1,0,1,5,penance
Penance I,good,1,1,1,1,0,1,5,penance_i
Penance II,good,1,1,1,1,0,1,5,penance_ii
Penguin,bad,75,10,12,28,30,45,200,penguin
Peter Petrelli,good,63,28,23,28,69,56,267,peter_petrelli
Phantom,good,1,1,1,1,0,1,5,phantom
Phantom Girl,good,38,10,23,28,53,42,194,phantom_girl
Phoenix,good,100,80,67,100,100,70,517,phoenix
Plastic Lad,good,1,1,1,1,0,1,5,plastic_lad
Plastic Man,good,50,63,23,100,100,56,392,plastic_man
Plastique,bad,50,10,23,28,60,42,213,plastique
Poison Ivy,bad,69,14,23,14,71,36,227,poison_ivy
Power Girl,good,88,98,67,95,67,75,490,power_girl
Power Man,good,1,1,1,1,0,1,5,power_man
Professor X,good,100,8,12,14,90,32,256,professor_x
Proto-Goblin,bad,63,38,23,48,22,28,222,proto_goblin
Psylocke,good,1,1,1,1,0,1,5,psylocke
Punisher,good,50,16,23,28,22,100,239,punisher
Pyro,bad,38,10,12,14,50,28,152,pyro
Quantum,good,1,1,1,1,0,1,5,quantum
Question,good,81,14,27,35,20,80,257,question
Quicksilver,good,63,28,100,60,57,56,364,quicksilver
Quill,good,38,10,12,14,23,14,111,quill
Ra's Al Ghul,bad,100,28,32,42,27,100,329,ra_s_al_ghul
Rachel Pirzad,good,63,4,8,10,52,10,147,rachel_pirzad
Raven,neutral,50,10,29,70,62,40,261,raven
Razor-Fist II,bad,1,1,1,1,0,1,5,razor_fist_ii
Red Arrow,good,63,16,25,20,24,80,228,red_arrow
Red Hood,neutral,75,12,23,28,24,95,257,red_hood
Red Hulk,good,50,88,47,95,59,75,414,red_hulk
Red Mist,bad,25,10,23,14,20,56,148,red_mist
Red Robin,good,81,11,27,32,29,80,260,red_robin
Red Skull,bad,75,10,12,14,19,80,210,red_skull
Red Tornado,good,75,38,67,60,92,40,372,red_tornado
Redeemer II,bad,1,1,1,1,0,1,5,redeemer_ii
Redeemer III,bad,1,1,1,1,0,1,5,redeemer_iii
Renata Soliz,good,1,1,1,1,0,1,5,renata_soliz
Rhino,bad,25,80,43,90,37,85,360,rhino
Rick Flag,bad,88,11,23,28,19,95,264,rick_flag
Riddler,bad,100,10,12,14,10,14,160,riddler
Ripcord,good,1,1,1,1,0,1,5,ripcord
Robin I,good,88,11,27,28,32,85,271,robin_i
Robin II,good,1,1,1,1,0,1,5,robin_ii
Robin III,good,81,11,27,28,30,85,262,robin_iii
Robin V,good,69,8,33,16,29,65,220,robin_v
Rocket Raccoon,good,50,5,23,28,28,64,198,rocket_raccoon
Rogue,good,75,10,12,28,80,80,285,rogue
Ronin,good,38,10,27,32,21,90,218,ronin
Rorschach,good,75,10,29,20,23,80,237,rorschach
Sabretooth,bad,55,53,25,90,28,100,351,sabretooth
Sage,good,75,10,12,14,28,56,195,sage
Sandman,neutral,50,75,47,97,62,56,387,sandman
Sasquatch,good,75,80,23,56,15,42,291,sasquatch
Savage Dragon,good,63,70,54,85,49,72,393,savage_dragon
Scarecrow,bad,81,10,12,14,48,50,215,scarecrow
Scarlet Spider,good,75,53,60,74,39,56,357,scarlet_spider
Scarlet Spider II,good,88,55,60,40,30,56,329,scarlet_spider_ii
Scarlet Witch,bad,88,10,23,42,67,28,258,scarlet_witch
Scorpia,bad,38,28,42,28,34,28,198,scorpia
Scorpion,bad,50,52,60,85,49,80,376,scorpion
Sentry,good,75,80,58,84,97,54,448,sentry
Shadow King,good,75,12,27,100,100,75,389,shadow_king
Shadowcat,good,88,8,21,25,69,70,281,shadowcat
Shang-Chi,good,63,12,30,50,25,100,280,shang_chi
Shatterstar,good,63,48,45,64,42,84,346,shatterstar
She-Hulk,good,69,100,42,100,33,70,414,she_hulk
She-Thing,good,1,1,1,1,0,1,5,she_thing
Shocker,bad,63,10,23,70,63,56,285,shocker
Shriek,good,50,10,23,28,45,42,198,shriek
Shrinking Violet,good,1,1,1,1,0,1,5,shrinking_violet
Sif,good,50,57,25,52,19,70,273,sif
Silk Spectre I,good,1,1,1,1,0,1,5,silk_spectre_i
Silk Spectre II,good,1,1,1,1,0,1,5,silk_spectre_ii
Silver Surfer,good,63,100,84,101,100,32,480,silver_surfer
Silverclaw,good,50,28,35,42,34,42,231,silverclaw
Sinestro,bad,75,80,53,64,100,56,428,sinestro
Siren,bad,38,10,12,14,55,28,157,siren
Siren II,bad,1,1,1,1,0,1,5,siren_ii
Siryn,bad,38,8,47,28,50,42,213,siryn
Skaar,good,50,85,27,90,62,85,399,skaar
Snowbird,good,50,32,27,42,63,52,266,snowbird
Sobek,good,50,34,23,46,20,56,229,sobek
Solomon Grundy,bad,9,93,13,100,78,30,323,solomon_grundy
Songbird,good,75,36,27,42,55,56,291,songbird
Space Ghost,good,38,18,33,40,90,80,299,space_ghost
Spawn,good,75,60,50,90,100,95,470,spawn
Spectre,good,1,1,1,1,0,1,5,spectre
Speedball,good,1,1,1,1,0,1,5,speedball
Speedy,good,1,1,1,1,0,1,5,speedy
Spider-Carnage,bad,1,1,1,1,0,1,5,spider_carnage
Spider-Girl,good,63,38,60,65,46,75,347,spider_girl
Spider-Man,good,88,55,60,74,58,85,420,spider_man
Spider-Woman,good,50,42,42,32,62,52,280,spider_woman
Spider-Woman II,good,1,1,1,1,0,1,5,spider_woman_ii
Spider-Woman III,good,50,48,27,42,60,28,255,spider_woman_iii
Spider-Woman IV,bad,1,1,1,1,0,1,5,spider_woman_iv
Spiderman,good,1,1,1,1,0,1,5,spiderman
Spyke,good,50,12,17,60,41,30,210,spyke
Stacy X,good,1,1,1,1,0,1,5,stacy_x
Stardust,good,88,85,100,110,100,85,568,stardust
Starfire,good,50,80,33,85,59,70,377,starfire
Stargirl,good,50,40,27,90,71,56,334,stargirl
Steel,good,81,82,53,90,64,64,434,steel
Stephanie Powell,good,69,10,54,10,17,10,170,stephanie_powell
Storm,good,75,10,47,30,88,75,325,storm
Sub-Mariner,good,63,80,47,56,37,84,367,sub_mariner
Sunspot,good,63,63,35,25,79,70,335,sunspot
Super Moos,good,8,1,1,10,65,40,125,super_moos
Superboy,good,75,95,83,90,84,60,487,superboy
Superboy-Prime,bad,94,100,100,100,100,85,579,superboy_prime
Supergirl,good,94,98,92,100,85,75,544,supergirl
Superman,good,100,100,100,100,94,85,579,superman
Swamp Thing,bad,88,80,23,100,66,56,413,swamp_thing
Sylar,bad,75,10,12,28,91,56,272,sylar
Synch,good,75,67,23,28,74,56,323,synch
Tempest,good,38,10,45,28,62,60,243,tempest
Thanos,bad,88,100,17,100,100,80,485,thanos
The Cape,good,38,10,23,32,22,64,189,the_cape
The Comedian,neutral,63,14,17,10,12,80,196,the_comedian
Thing,good,75,84,21,90,26,80,376,thing
Thor,good,69,100,92,100,100,85,546,thor
Thor Girl,good,75,83,70,84,100,70,482,thor_girl
Thunderbird,good,50,32,27,32,14,70,225,thunderbird
Thunderbird II,good,1,1,1,1,0,1,5,thunderbird_ii
Thunderbird III,good,1,1,1,1,0,1,5,thunderbird_iii
Thunderstrike,good,63,80,70,84,31,72,400,thunderstrike
Thundra,good,38,81,32,64,26,54,295,thundra
Tiger Shark,bad,38,72,42,70,21,28,271,tiger_shark
Tigra,good,63,32,53,38,33,90,309,tigra
Tinkerer,bad,100,10,23,14,10,14,171,tinkerer
Titan,good,1,1,1,1,0,1,5,titan
Toad,neutral,50,34,58,56,49,28,275,toad
Toxin,good,56,73,70,84,75,70,428,toxin
Tracy Strauss,good,1,1,1,1,0,1,5,tracy_strauss
Trickster,,1,1,1,1,0,1,5,trickster
Triplicate Girl,good,63,10,23,42,44,42,224,triplicate_girl
Two-Face,bad,88,10,12,14,9,28,161,two_face
Ultragirl,good,50,80,35,70,35,80,350,ultragirl
Ultron,bad,88,83,42,100,100,64,477,ultron
Utgard-Loki,bad,50,80,23,84,72,64,373,utgard_loki
Vagabond,good,1,1,1,1,0,1,5,vagabond
Valerie Hart,good,1,1,1,1,0,1,5,valerie_hart
Valkyrie,good,1,1,1,1,0,1,5,valkyrie
Vanisher,bad,63,10,75,56,39,42,285,vanisher
Venom,bad,75,57,65,84,79,84,444,venom
Venom II,bad,50,57,47,70,54,56,334,venom_ii
Venom III,bad,63,73,35,90,66,56,383,venom_iii
Vertigo II,good,1,1,1,1,0,1,5,vertigo_ii
Vindicator,good,1,1,1,1,0,1,5,vindicator
Vindicator II,good,63,63,53,64,56,70,369,vindicator_ii
Violator,bad,1,1,1,1,0,1,5,violator
Violet,good,10,4,12,28,65,14,133,violet
Vision,good,100,72,54,95,76,70,467,vision
Vision II,good,1,1,1,1,0,1,5,vision_ii
Vulcan,good,1,1,1,1,0,1,5,vulcan
Vulture,bad,63,22,47,56,40,56,284,vulture
Walrus,bad,50,28,8,50,11,20,167,walrus
War Machine,good,63,80,63,100,100,85,491,war_machine
Warbird,good,1,1,1,1,0,1,5,warbird
Warlock,good,88,36,79,95,71,95,464,warlock
Warp,bad,38,10,23,28,63,50,212,warp
Warpath,good,38,72,47,70,26,84,337,warpath
Wasp,good,63,8,58,52,23,42,246,wasp
Watcher,good,100,80,67,89,100,56,492,watcher
Weapon XI,bad,1,1,1,1,0,1,5,weapon_xi
White Queen,good,1,1,1,1,0,1,5,white_queen
Wildfire,good,50,32,23,100,77,42,324,wildfire
Willis Stryker,bad,38,16,23,28,41,60,206,willis_stryker
Winter Soldier,good,56,32,35,65,60,84,332,winter_soldier
Wiz Kid,good,1,1,1,1,0,1,5,wiz_kid
Wolfsbane,good,38,16,35,42,26,42,199,wolfsbane
Wolverine,good,55,32,38,100,44,100,369,wolverine
Wonder Girl,good,75,90,25,80,39,60,369,wonder_girl
Wonder Man,good,75,100,53,90,64,64,446,wonder_man
Wonder Woman,good,88,100,50,100,42,100,480,wonder_woman
Wondra,good,1,1,1,1,0,1,5,wondra
Wyatt Wingfoot,good,10,10,12,1,1,56,90,wyatt_wingfoot
X-23,good,75,24,35,90,27,85,336,x_23
X-Man,good,88,53,53,95,92,84,465,x_man
Yellow Claw,bad,1,1,1,1,0,1,5,yellow_claw
Yellowjacket,good,88,10,12,28,12,14,164,yellowjacket
Yellowjacket II,good,50,10,35,28,31,28,182,yellowjacket_ii
Ymir,good,50,100,27,100,83,28,388,ymir
Zatanna,good,75,10,23,28,100,56,292,zatanna
Zoom,bad,50,10,100,28,72,28,288,zoom
