ID,Name,Alignment,Gender,EyeColor,Race,HairColor,Publisher,SkinColor,Height,Weight,Hero ID
0,A-Bomb,good,Male,yellow,Human,No Hair,Marvel Comics,,203.0,441.0,a_bomb
1,Abe Sapien,good,Male,blue,Icthyo Sapien,No Hair,Dark Horse Comics,blue,191.0,65.0,abe_sapien
2,Abin Sur,good,Male,blue,Ungaran,No Hair,DC Comics,red,185.0,90.0,abin_sur
3,Abomination,bad,Male,green,Human / Radiation,No Hair,Marvel Comics,,203.0,441.0,abomination
4,Abraxas,bad,Male,blue,Cosmic Entity,Black,Marvel Comics,,,,abraxas
5,Absorbing Man,bad,Male,blue,Human,No Hair,Marvel Comics,,193.0,122.0,absorbing_man
6,Adam Monroe,good,Male,blue,,Blond,NBC - Heroes,,,,adam_monroe
7,Adam Strange,good,Male,blue,Human,Blond,DC Comics,,185.0,88.0,adam_strange
8,Agent 13,good,Female,blue,,Blond,Marvel Comics,,173.0,61.0,agent_13
9,Agent Bob,good,Male,brown,Human,Brown,Marvel Comics,,178.0,81.0,agent_bob
10,Agent Zero,good,Male,,,,Marvel Comics,,191.0,104.0,agent_zero
11,Air-Walker,bad,Male,blue,,White,Marvel Comics,,188.0,108.0,air_walker
12,Ajax,bad,Male,brown,Cyborg,Black,Marvel Comics,,193.0,90.0,ajax
13,Alan Scott,good,Male,blue,,Blond,DC Comics,,180.0,90.0,alan_scott
14,Alex Mercer,bad,Male,,Human,,Wildstorm,,,,alex_mercer
15,Alex Woolsly,good,Male,,,,NBC - Heroes,,,,alex_woolsly
16,Alfred Pennyworth,good,Male,blue,Human,Black,DC Comics,,178.0,72.0,alfred_pennyworth
17,Alien,bad,Male,,Xenomorph XX121,No Hair,Dark Horse Comics,black,244.0,169.0,alien
18,Allan Quatermain,good,Male,,,,Wildstorm,,,,allan_quatermain
19,Amazo,bad,Male,red,Android,,DC Comics,,257.0,173.0,amazo
20,Ammo,bad,Male,brown,Human,Black,Marvel Comics,,188.0,101.0,ammo
21,Ando Masahashi,good,Male,,,,NBC - Heroes,,,,ando_masahashi
22,Angel,good,Male,blue,,Blond,Marvel Comics,,183.0,68.0,angel
23,Angel,good,Male,,Vampire,,Dark Horse Comics,,,,angel
24,Angel Dust,good,Female,yellow,Mutant,Black,Marvel Comics,,165.0,57.0,angel_dust
25,Angel Salvadore,good,Female,brown,,Black,Marvel Comics,,163.0,54.0,angel_salvadore
26,Angela,bad,Female,,,,Image Comics,,,,angela
27,Animal Man,good,Male,blue,Human,Blond,DC Comics,,183.0,83.0,animal_man
28,Annihilus,bad,Male,green,,No Hair,Marvel Comics,,180.0,90.0,annihilus
29,Ant-Man,good,Male,blue,Human,Blond,Marvel Comics,,211.0,122.0,ant_man
30,Ant-Man II,good,Male,blue,Human,Blond,Marvel Comics,,183.0,86.0,ant_man_ii
31,Anti-Monitor,bad,Male,yellow,God / Eternal,No Hair,DC Comics,,61.0,,anti_monitor
32,Anti-Spawn,bad,Male,,,,Image Comics,,,,anti_spawn
33,Anti-Venom,,Male,blue,Symbiote,Blond,Marvel Comics,,229.0,358.0,anti_venom
34,Apocalypse,bad,Male,red,Mutant,Black,Marvel Comics,grey,213.0,135.0,apocalypse
35,Aquababy,good,Male,blue,,Blond,DC Comics,,,,aquababy
36,Aqualad,good,Male,blue,Atlantean,Black,DC Comics,,178.0,106.0,aqualad
37,Aquaman,good,Male,blue,Atlantean,Blond,DC Comics,,185.0,146.0,aquaman
38,Arachne,good,Female,blue,Human,Blond,Marvel Comics,,175.0,63.0,arachne
39,Archangel,good,Male,blue,Mutant,Blond,Marvel Comics,blue,183.0,68.0,archangel
40,Arclight,bad,Female,violet,,Purple,Marvel Comics,,173.0,57.0,arclight
41,Ardina,good,Female,white,Alien,Orange,Marvel Comics,gold,193.0,98.0,ardina
42,Ares,good,Male,brown,,Brown,Marvel Comics,,185.0,270.0,ares
43,Ariel,good,Female,purple,,Pink,Marvel Comics,,165.0,59.0,ariel
44,Armor,good,Female,black,,Black,Marvel Comics,,163.0,50.0,armor
45,Arsenal,good,Male,,Human,,DC Comics,,,,arsenal
46,Astro Boy,good,Male,brown,,Black,,,,,astro_boy
47,Atlas,good,Male,brown,Mutant,Red,Marvel Comics,,183.0,101.0,atlas
48,Atlas,bad,Male,blue,God / Eternal,Brown,DC Comics,,198.0,126.0,atlas
49,Atom,good,Male,blue,,Red,DC Comics,,178.0,68.0,atom
50,Atom,good,Male,,,,DC Comics,,,,atom
51,Atom Girl,good,Female,black,,Black,DC Comics,,168.0,54.0,atom_girl
52,Atom II,good,Male,brown,Human,Auburn,DC Comics,,183.0,81.0,atom_ii
53,Atom III,good,Male,,,Red,DC Comics,,,,atom_iii
54,Atom IV,good,Male,brown,,Black,DC Comics,,,72.0,atom_iv
55,Aurora,good,Female,blue,Mutant,Black,Marvel Comics,,180.0,63.0,aurora
56,Azazel,bad,Male,yellow,Neyaphem,Black,Marvel Comics,red,183.0,67.0,azazel
57,Azrael,good,Male,brown,Human,Black,DC Comics,,,,azrael
58,Aztar,good,Male,,,,DC Comics,,,,aztar
59,Bane,bad,Male,,Human,,DC Comics,,203.0,180.0,bane
60,Banshee,good,Male,green,Human,Strawberry Blond,Marvel Comics,,183.0,77.0,banshee
61,Bantam,good,Male,brown,,Black,Marvel Comics,,165.0,54.0,bantam
62,Batgirl,good,Female,,,,DC Comics,,,,batgirl
63,Batgirl,good,Female,green,Human,Red,DC Comics,,170.0,57.0,batgirl
64,Batgirl III,good,Female,,,,DC Comics,,,,batgirl_iii
65,Batgirl IV,good,Female,green,Human,Black,DC Comics,,165.0,52.0,batgirl_iv
66,Batgirl V,good,Female,,,,DC Comics,,,,batgirl_v
67,Batgirl VI,good,Female,blue,,Blond,DC Comics,,168.0,61.0,batgirl_vi
68,Batman,good,Male,blue,Human,black,DC Comics,,188.0,95.0,batman
69,Batman,good,Male,blue,Human,Black,DC Comics,,178.0,77.0,batman
70,Batman II,good,Male,blue,Human,Black,DC Comics,,178.0,79.0,batman_ii
71,Battlestar,good,Male,brown,,Black,Marvel Comics,,198.0,133.0,battlestar
72,Batwoman V,good,Female,green,Human,Red,DC Comics,,178.0,,batwoman_v
73,Beak,good,Male,black,,White,Marvel Comics,,175.0,63.0,beak
74,Beast,good,Male,blue,Mutant,Blue,Marvel Comics,blue,180.0,181.0,beast
75,Beast Boy,good,Male,green,Human,Green,DC Comics,green,173.0,68.0,beast_boy
76,Beetle,bad,Male,,,,Marvel Comics,,,,beetle
77,Ben 10,good,Male,,,,DC Comics,,,,ben_10
78,Beta Ray Bill,good,Male,,,No Hair,Marvel Comics,,201.0,216.0,beta_ray_bill
79,Beyonder,good,Male,,God / Eternal,,Marvel Comics,,,,beyonder
80,Big Barda,bad,Female,blue,New God,Black,DC Comics,,188.0,135.0,big_barda
81,Big Daddy,good,Male,,,,Icon Comics,,,,big_daddy
82,Big Man,bad,Male,blue,,Brown,Marvel Comics,,165.0,71.0,big_man
83,Bill Harken,good,Male,,Alpha,,SyFy,,,,bill_harken
84,Billy Kincaid,bad,Male,,,,Image Comics,,,,billy_kincaid
85,Binary,good,Female,blue,,Blond,Marvel Comics,,180.0,54.0,binary
86,Bionic Woman,good,Female,blue,Cyborg,Black,,,,,bionic_woman
87,Bird-Brain,good,,,,,Marvel Comics,,,,bird_brain
88,Bird-Man,bad,Male,,Human,,Marvel Comics,,,,bird_man
89,Bird-Man II,bad,Male,,Human,,Marvel Comics,,,,bird_man_ii
90,Birdman,good,Male,,God / Eternal,,Hanna-Barbera,,,,birdman
91,Bishop,good,Male,brown,Mutant,No Hair,Marvel Comics,,198.0,124.0,bishop
92,Bizarro,neutral,Male,black,Bizarro,Black,DC Comics,white,191.0,155.0,bizarro
93,Black Abbott,bad,Male,red,,Black,Marvel Comics,,,,black_abbott
94,Black Adam,bad,Male,brown,,Black,DC Comics,,191.0,113.0,black_adam
95,Black Bolt,good,Male,blue,Inhuman,Black,Marvel Comics,,188.0,95.0,black_bolt
96,Black Canary,good,Female,blue,Human,Blond,DC Comics,,165.0,58.0,black_canary
97,Black Canary,good,Female,blue,Metahuman,Blond,DC Comics,,170.0,59.0,black_canary
98,Black Cat,good,Female,green,Human,Blond,Marvel Comics,,178.0,54.0,black_cat
99,Black Flash,neutral,Male,,God / Eternal,,DC Comics,,,,black_flash
100,Black Goliath,good,Male,,,,Marvel Comics,,,,black_goliath
101,Black Knight III,good,Male,brown,Human,Brown,Marvel Comics,,183.0,86.0,black_knight_iii
102,Black Lightning,good,Male,brown,,No Hair,DC Comics,,185.0,90.0,black_lightning
103,Black Mamba,bad,Female,green,,Black,Marvel Comics,,170.0,52.0,black_mamba
104,Black Manta,bad,Male,black,Human,No Hair,DC Comics,,188.0,92.0,black_manta
105,Black Panther,good,Male,brown,Human,Black,Marvel Comics,,183.0,90.0,black_panther
106,Black Widow,good,Female,green,Human,Auburn,Marvel Comics,,170.0,59.0,black_widow
107,Black Widow II,good,Female,blue,,Blond,Marvel Comics,,170.0,61.0,black_widow_ii
108,Blackout,bad,Male,red,Demon,White,Marvel Comics,white,191.0,104.0,blackout
109,Blackwing,bad,Male,blue,,Black,Marvel Comics,,185.0,86.0,blackwing
110,Blackwulf,,Male,red,Alien,White,Marvel Comics,,188.0,88.0,blackwulf
111,Blade,good,Male,brown,Vampire,Black,Marvel Comics,,188.0,97.0,blade
112,Blaquesmith,good,,black,,No Hair,Marvel Comics,,,,blaquesmith
113,Bling!,good,Female,,,,Marvel Comics,,168.0,68.0,bling
114,Blink,good,Female,green,Mutant,Magenta,Marvel Comics,pink,165.0,56.0,blink
115,Blizzard,bad,Male,,,,Marvel Comics,,,,blizzard
116,Blizzard,bad,Male,,,Brown,Marvel Comics,,,,blizzard
117,Blizzard II,bad,Male,brown,,Brown,Marvel Comics,,175.0,77.0,blizzard_ii
118,Blob,bad,Male,brown,,Brown,Marvel Comics,,178.0,230.0,blob
119,Bloodaxe,bad,Female,blue,Human,Brown,Marvel Comics,,218.0,495.0,bloodaxe
120,Bloodhawk,good,Male,black,Mutant,No Hair,Marvel Comics,,,,bloodhawk
121,Bloodwraith,bad,Male,white,,No Hair,Marvel Comics,,30.5,,bloodwraith
122,Blue Beetle,good,Male,blue,,Brown,DC Comics,,,,blue_beetle
123,Blue Beetle,good,Male,,,,DC Comics,,,,blue_beetle
124,Blue Beetle II,good,Male,blue,,Brown,DC Comics,,183.0,86.0,blue_beetle_ii
125,Blue Beetle III,good,Male,brown,Human,Black,DC Comics,,,,blue_beetle_iii
126,Boba Fett,bad,Male,brown,Human / Clone,Black,George Lucas,,183.0,,boba_fett
127,Bolt,good,Male,,,,Marvel Comics,,,,bolt
128,Bomb Queen,bad,Female,,,,Image Comics,,,,bomb_queen
129,Boom-Boom,good,Female,blue,Mutant,Blond,Marvel Comics,,165.0,55.0,boom_boom
130,Boomer,good,Female,,,,Marvel Comics,,,,boomer
131,Booster Gold,good,Male,blue,Human,Blond,DC Comics,,196.0,97.0,booster_gold
132,Box,good,Male,,,,Marvel Comics,,,,box
133,Box III,good,,blue,,Blond,Marvel Comics,,193.0,110.0,box_iii
134,Box IV,good,,brown,,Brown / Black,Marvel Comics,,,,box_iv
135,Brainiac,bad,Male,green,Android,No Hair,DC Comics,green,198.0,135.0,brainiac
136,Brainiac 5,good,Male,green,,Blond,DC Comics,,170.0,61.0,brainiac_5
137,Brother Voodoo,good,Male,brown,Human,Brown / White,Marvel Comics,,183.0,99.0,brother_voodoo
138,Brundlefly,,Male,,Mutant,,,,193.0,,brundlefly
139,Buffy,good,Female,green,Human,Blond,Dark Horse Comics,,157.0,52.0,buffy
140,Bullseye,bad,Male,blue,Human,blond,Marvel Comics,,183.0,90.0,bullseye
141,Bumblebee,good,Female,brown,Human,Black,DC Comics,,170.0,59.0,bumblebee
142,Bumbleboy,good,Male,,,,Marvel Comics,,,,bumbleboy
143,Bushido,good,Male,,Human,,DC Comics,,,,bushido
144,Cable,good,Male,blue,Mutant,White,Marvel Comics,,203.0,158.0,cable
145,Callisto,bad,Female,blue,,Black,Marvel Comics,,175.0,74.0,callisto
146,Cameron Hicks,good,Male,,Alpha,,SyFy,,,,cameron_hicks
147,Cannonball,good,Male,blue,,Blond,Marvel Comics,,183.0,81.0,cannonball
148,Captain America,good,Male,blue,Human,blond,Marvel Comics,,188.0,108.0,captain_america
149,Captain Atom,good,Male,blue,Human / Radiation,Silver,DC Comics,silver,193.0,90.0,captain_atom
150,Captain Britain,good,Male,blue,Human,Blond,Marvel Comics,,198.0,116.0,captain_britain
151,Captain Cold,neutral,Male,brown,Human,Brown,DC Comics,,,,captain_cold
152,Captain Epic,good,Male,blue,,Brown,Team Epic TV,,188.0,,captain_epic
153,Captain Hindsight,good,Male,,Human,Black,South Park,,,,captain_hindsight
154,Captain Mar-vell,good,Male,blue,,Blond,Marvel Comics,,188.0,108.0,captain_mar_vell
155,Captain Marvel,good,Female,blue,Human-Kree,Blond,Marvel Comics,,180.0,74.0,captain_marvel
156,Captain Marvel,good,Male,blue,Human,Black,DC Comics,,193.0,101.0,captain_marvel
157,Captain Marvel II,good,Male,blue,Human,Black,DC Comics,,175.0,74.0,captain_marvel_ii
158,Captain Midnight,good,Male,,Human,,Dark Horse Comics,,,,captain_midnight
159,Captain Planet,good,Male,red,God / Eternal,Green,Marvel Comics,,,,captain_planet
160,Captain Universe,good,,,God / Eternal,,Marvel Comics,,,,captain_universe
161,Carnage,bad,Male,green,Symbiote,Red,Marvel Comics,,185.0,86.0,carnage
162,Cat,good,Female,blue,,Blond,Marvel Comics,,173.0,61.0,cat
163,Cat II,good,Female,,,,Marvel Comics,,,,cat_ii
164,Catwoman,good,Female,green,Human,Black,DC Comics,,175.0,61.0,catwoman
165,Cecilia Reyes,good,,brown,,Brown,Marvel Comics,,170.0,62.0,cecilia_reyes
166,Century,good,Male,white,Alien,White,Marvel Comics,grey,201.0,97.0,century
167,Cerebra,good,Female,,Mutant,,Marvel Comics,,,,cerebra
168,Chamber,good,Male,brown,Mutant,Brown,Marvel Comics,,175.0,63.0,chamber
169,Chameleon,bad,Male,,,,DC Comics,,,,chameleon
170,Changeling,bad,Male,brown,,Black,Marvel Comics,,180.0,81.0,changeling
171,Cheetah,bad,Female,green,Human,Blond,DC Comics,,163.0,50.0,cheetah
172,Cheetah II,bad,Female,green,Human,Brown,DC Comics,,170.0,55.0,cheetah_ii
173,Cheetah III,bad,Female,brown,Human,Brown,DC Comics,,175.0,54.0,cheetah_iii
174,Chromos,bad,Male,brown,,Red / Grey,Team Epic TV,,185.0,86.0,chromos
175,Chuck Norris,good,Male,,,,,,178.0,,chuck_norris
176,Citizen Steel,good,Male,green,Human,Red,DC Comics,,183.0,170.0,citizen_steel
177,Claire Bennet,good,Female,blue,,Blond,NBC - Heroes,,,,claire_bennet
178,Clea,good,,,,White,Marvel Comics,,,,clea
179,Cloak,good,Male,brown,,black,Marvel Comics,,226.0,70.0,cloak
180,Clock King,bad,Male,blue,Human,Black,DC Comics,,178.0,78.0,clock_king
181,Cogliostro,bad,Male,,,,Image Comics,,,,cogliostro
182,Colin Wagner,good,Male,grey,,Brown,HarperCollins,,,,colin_wagner
183,Colossal Boy,good,Male,,,,DC Comics,,,,colossal_boy
184,Colossus,good,Male,silver,Mutant,Black,Marvel Comics,,226.0,225.0,colossus
185,Copycat,neutral,Female,red,Mutant,White,Marvel Comics,blue,183.0,67.0,copycat
186,Corsair,good,Male,brown,,Brown,Marvel Comics,,191.0,79.0,corsair
187,Cottonmouth,bad,Male,brown,Human,Black,Marvel Comics,,183.0,99.0,cottonmouth
188,Crimson Crusader,good,Male,blue,,Strawberry Blond,Marvel Comics,,,,crimson_crusader
189,Crimson Dynamo,good,Male,brown,,No Hair,Marvel Comics,,180.0,104.0,crimson_dynamo
190,Crystal,good,Female,green,Inhuman,Red,Marvel Comics,,168.0,50.0,crystal
191,Curse,bad,Male,,,,Image Comics,,,,curse
192,Cy-Gor,bad,Male,,,,Image Comics,,,,cy_gor
193,Cyborg,good,Male,brown,Cyborg,Black,DC Comics,,198.0,173.0,cyborg
194,Cyborg Superman,bad,Male,blue,Cyborg,Black,DC Comics,,,,cyborg_superman
195,Cyclops,good,Male,brown,Mutant,Brown,Marvel Comics,,191.0,88.0,cyclops
196,Cypher,good,,blue,,Blond,Marvel Comics,,175.0,68.0,cypher
197,Dagger,good,Female,blue,,Blond,Marvel Comics,,165.0,52.0,dagger
198,Danny Cooper,good,Male,brown,,Blond,HarperCollins,,,,danny_cooper
199,Daphne Powell,good,Female,,,,ABC Studios,,,,daphne_powell
200,Daredevil,good,Male,blue,Human,Red,Marvel Comics,,183.0,90.0,daredevil
201,Darkhawk,good,Male,brown,Human,Brown,Marvel Comics,,185.0,81.0,darkhawk
202,Darkman,good,Male,,,,Universal Studios,,,,darkman
203,Darkseid,bad,Male,red,New God,No Hair,DC Comics,grey,267.0,817.0,darkseid
204,Darkside,bad,,,,,,,,,darkside
205,Darkstar,good,Female,brown,Mutant,Blond,Marvel Comics,,168.0,56.0,darkstar
206,Darth Maul,bad,Male,yellow / red,Dathomirian Zabrak,,George Lucas,red / black,170.0,,darth_maul
207,Darth Vader,bad,Male,yellow,Cyborg,No Hair,George Lucas,,198.0,135.0,darth_vader
208,Dash,good,Male,blue,Human,Blond,Dark Horse Comics,,122.0,27.0,dash
209,Data,good,Male,yellow,Android,Brown,Star Trek,,,,data
210,Dazzler,good,Female,blue,Mutant,Blond,Marvel Comics,,173.0,52.0,dazzler
211,Deadman,good,Male,blue,Human,Black,DC Comics,,183.0,90.0,deadman
212,Deadpool,neutral,Male,brown,Mutant,No Hair,Marvel Comics,,188.0,95.0,deadpool
213,Deadshot,bad,Male,brown,Human,Brown,DC Comics,,185.0,91.0,deadshot
214,Deathlok,good,Male,brown,Cyborg,Grey,Marvel Comics,,193.0,178.0,deathlok
215,Deathstroke,neutral,Male,blue,Human,White,DC Comics,,193.0,101.0,deathstroke
216,Demogoblin,bad,Male,red,Demon,No Hair,Marvel Comics,,185.0,95.0,demogoblin
217,Destroyer,bad,Male,,,,Marvel Comics,,188.0,383.0,destroyer
218,Diamondback,bad,Male,brown,Human,Black,Marvel Comics,,193.0,90.0,diamondback
219,DL Hawkins,good,Male,,,,NBC - Heroes,,,,dl_hawkins
220,Doc Samson,good,Male,blue,Human / Radiation,Green,Marvel Comics,,198.0,171.0,doc_samson
221,Doctor Doom,bad,Male,brown,Human,Brown,Marvel Comics,,201.0,187.0,doctor_doom
222,Doctor Doom II,bad,Male,brown,,Brown,Marvel Comics,,201.0,132.0,doctor_doom_ii
223,Doctor Fate,good,Male,blue,Human,Blond,DC Comics,,188.0,89.0,doctor_fate
224,Doctor Octopus,bad,Male,brown,Human,Brown,Marvel Comics,,175.0,110.0,doctor_octopus
225,Doctor Strange,good,Male,grey,Human,Black,Marvel Comics,,188.0,81.0,doctor_strange
226,Domino,good,Female,blue,Human,Black,Marvel Comics,white,173.0,54.0,domino
227,Donatello,good,Male,green,Mutant,No Hair,IDW Publishing,green,,,donatello
228,Donna Troy,good,Female,blue,Amazon,Black,DC Comics,,175.0,63.0,donna_troy
229,Doomsday,bad,Male,red,Alien,White,DC Comics,,244.0,412.0,doomsday
230,Doppelganger,bad,Male,white,,No Hair,Marvel Comics,,196.0,104.0,doppelganger
231,Dormammu,bad,Male,yellow,,No Hair,Marvel Comics,,185.0,,dormammu
232,Dr Manhattan,good,Male,white,Human / Cosmic,No Hair,DC Comics,blue,,,dr_manhattan
233,Drax the Destroyer,good,Male,red,Human / Altered,No Hair,Marvel Comics,green,193.0,306.0,drax_the_destroyer
234,Ego,bad,,,,,Marvel Comics,,,,ego
235,Elastigirl,good,Female,brown,Human,Brown,Dark Horse Comics,,168.0,56.0,elastigirl
236,Electro,bad,Male,blue,Human,Auburn,Marvel Comics,,180.0,74.0,electro
237,Elektra,good,Female,blue,Human,Black,Marvel Comics,,175.0,59.0,elektra
238,Elle Bishop,bad,Female,blue,,Blond,NBC - Heroes,,,,elle_bishop
239,Elongated Man,good,Male,blue,,Red,DC Comics,,185.0,80.0,elongated_man
240,Emma Frost,good,Female,blue,,Blond,Marvel Comics,,178.0,65.0,emma_frost
241,Enchantress,good,Female,blue,Human,Blond,DC Comics,,168.0,57.0,enchantress
242,Energy,good,Female,,,,HarperCollins,,,,energy
243,ERG-1,good,Male,,,,DC Comics,,,,erg_1
244,Ethan Hunt,good,Male,brown,Human,Brown,,,168.0,,ethan_hunt
245,Etrigan,neutral,Male,red,Demon,No Hair,DC Comics,yellow,193.0,203.0,etrigan
246,Evil Deadpool,bad,Male,white,Mutant,Red,Marvel Comics,,188.0,95.0,evil_deadpool
247,Evilhawk,bad,Male,red,Alien,Black,Marvel Comics,green,191.0,106.0,evilhawk
248,Exodus,bad,Male,blue,Mutant,Black,Marvel Comics,red,183.0,88.0,exodus
249,Fabian Cortez,bad,,blue,,Brown,Marvel Comics,,196.0,96.0,fabian_cortez
250,Falcon,good,Male,brown,Human,Black,Marvel Comics,,188.0,108.0,falcon
251,Fallen One II,bad,Male,black,,Blue,Marvel Comics,,,,fallen_one_ii
252,Faora,bad,Female,,Kryptonian,,DC Comics,,,,faora
253,Feral,good,,yellow (without irises),,Orange / White,Marvel Comics,,175.0,50.0,feral
254,Fighting Spirit,good,Female,,,Red,DC Comics,,,,fighting_spirit
255,Fin Fang Foom,good,Male,red,Kakarantharaian,No Hair,Marvel Comics,green,975.0,18.0,fin_fang_foom
256,Firebird,good,Female,brown,,Black,Marvel Comics,,165.0,56.0,firebird
257,Firelord,good,,white,,Yellow,Marvel Comics,,193.0,99.0,firelord
258,Firestar,good,Female,green,Mutant,Red,Marvel Comics,,173.0,56.0,firestar
259,Firestorm,good,Male,brown,,Black,DC Comics,,,,firestorm
260,Firestorm,good,Male,blue,Human,Auburn,DC Comics,,188.0,91.0,firestorm
261,Fixer,bad,,red,,No Hair,Marvel Comics,,,,fixer
262,Flash,good,Male,blue,Human,Brown / White,DC Comics,,180.0,81.0,flash
263,Flash Gordon,good,Male,,,,,,,,flash_gordon
264,Flash II,good,Male,blue,Human,Blond,DC Comics,,183.0,88.0,flash_ii
265,Flash III,good,Male,,Human,,DC Comics,,183.0,86.0,flash_iii
266,Flash IV,good,Male,yellow,Human,Auburn,DC Comics,,157.0,52.0,flash_iv
267,Forge,good,,brown,,Black,Marvel Comics,,183.0,81.0,forge
268,Franklin Richards,good,Male,blue,Mutant,Blond,Marvel Comics,,142.0,45.0,franklin_richards
269,Franklin Storm,good,,blue,,Grey,Marvel Comics,,188.0,92.0,franklin_storm
270,Frenzy,bad,Female,brown,,Black,Marvel Comics,,211.0,104.0,frenzy
271,Frigga,good,Female,blue,,White,Marvel Comics,,180.0,167.0,frigga
272,Galactus,neutral,Male,black,Cosmic Entity,Black,Marvel Comics,,876.0,16.0,galactus
273,Gambit,good,Male,red,Mutant,Brown,Marvel Comics,,185.0,81.0,gambit
274,Gamora,good,Female,yellow,Zen-Whoberian,Black,Marvel Comics,green,183.0,77.0,gamora
275,Garbage Man,good,Male,,Mutant,,DC Comics,,,,garbage_man
276,Gary Bell,good,Male,,Alpha,,SyFy,,,,gary_bell
277,General Zod,bad,Male,black,Kryptonian,Black,DC Comics,,,,general_zod
278,Genesis,good,Male,blue,,Blond,Marvel Comics,,185.0,86.0,genesis
279,Ghost Rider,good,Male,red,Demon,No Hair,Marvel Comics,,188.0,99.0,ghost_rider
280,Ghost Rider II,good,,,,,Marvel Comics,,,,ghost_rider_ii
281,Giant-Man,good,Male,,Human,,Marvel Comics,,,,giant_man
282,Giant-Man II,good,Male,,,,Marvel Comics,,,,giant_man_ii
283,Giganta,bad,Female,green,,Red,DC Comics,,62.5,630.0,giganta
284,Gladiator,neutral,Male,blue,Strontian,Blue,Marvel Comics,purple,198.0,268.0,gladiator
285,Goblin Queen,bad,Female,green,,Red,Marvel Comics,,168.0,50.0,goblin_queen
286,Godzilla,bad,,,Kaiju,,,grey,108.0,,godzilla
287,Gog,bad,Male,,,,DC Comics,,,,gog
288,Goku,good,Male,,Saiyan,,Shueisha,,175.0,62.0,goku
289,Goliath,good,Male,,,,Marvel Comics,,,,goliath
290,Goliath,good,Male,,Human,,Marvel Comics,,,,goliath
291,Goliath,good,Male,,Human,,Marvel Comics,,,,goliath
292,Goliath IV,good,Male,brown,,Black,Marvel Comics,,183.0,90.0,goliath_iv
293,Gorilla Grodd,bad,Male,yellow,Gorilla,Black,DC Comics,,198.0,270.0,gorilla_grodd
294,Granny Goodness,bad,Female,blue,,White,DC Comics,,178.0,115.0,granny_goodness
295,Gravity,good,Male,blue,Human,Brown,Marvel Comics,,178.0,79.0,gravity
296,Greedo,bad,Male,purple,Rodian,,George Lucas,green,170.0,,greedo
297,Green Arrow,good,Male,green,Human,Blond,DC Comics,,188.0,88.0,green_arrow
298,Green Goblin,bad,Male,blue,Human,Auburn,Marvel Comics,,180.0,83.0,green_goblin
299,Green Goblin II,bad,Male,blue,,Auburn,Marvel Comics,,178.0,77.0,green_goblin_ii
300,Green Goblin III,good,Male,,,,Marvel Comics,,183.0,88.0,green_goblin_iii
301,Green Goblin IV,good,Male,green,,Brown,Marvel Comics,,178.0,79.0,green_goblin_iv
302,Groot,good,Male,yellow,Flora Colossus,,Marvel Comics,,701.0,4.0,groot
303,Guardian,good,Male,brown,Human,Black,Marvel Comics,,,,guardian
304,Guy Gardner,good,Male,blue,Human-Vuldarian,Red,DC Comics,,188.0,95.0,guy_gardner
305,Hal Jordan,good,Male,brown,Human,Brown,DC Comics,,188.0,90.0,hal_jordan
306,Han Solo,good,Male,brown,Human,Brown,George Lucas,,183.0,79.0,han_solo
307,Hancock,good,Male,brown,Human,Black,Sony Pictures,,188.0,,hancock
308,Harley Quinn,bad,Female,blue,Human,Blond,DC Comics,,170.0,63.0,harley_quinn
309,Harry Potter,good,Male,green,Human,Black,J. K. Rowling,,,,harry_potter
310,Havok,good,Male,blue,Mutant,Blond,Marvel Comics,,183.0,79.0,havok
311,Hawk,good,Male,red,,Brown,DC Comics,,185.0,89.0,hawk
312,Hawkeye,good,Male,blue,Human,Blond,Marvel Comics,,191.0,104.0,hawkeye
313,Hawkeye II,good,Female,blue,Human,Black,Marvel Comics,,165.0,57.0,hawkeye_ii
314,Hawkgirl,good,Female,green,,Red,DC Comics,,175.0,61.0,hawkgirl
315,Hawkman,good,Male,blue,,Brown,DC Comics,,185.0,88.0,hawkman
316,Hawkwoman,good,Female,green,,Red,DC Comics,,175.0,54.0,hawkwoman
317,Hawkwoman II,good,Female,,,,DC Comics,,,,hawkwoman_ii
318,Hawkwoman III,good,Female,blue,,Red,DC Comics,,170.0,65.0,hawkwoman_iii
319,Heat Wave,bad,Male,blue,Human,No Hair,DC Comics,,180.0,81.0,heat_wave
320,Hela,bad,Female,green,Asgardian,Black,Marvel Comics,,213.0,225.0,hela
321,Hellboy,good,Male,gold,Demon,Black,Dark Horse Comics,,259.0,158.0,hellboy
322,Hellcat,good,Female,blue,Human,Red,Marvel Comics,,173.0,61.0,hellcat
323,Hellstorm,good,Male,red,,Red,Marvel Comics,,185.0,81.0,hellstorm
324,Hercules,good,Male,blue,Demi-God,Brown,Marvel Comics,,196.0,146.0,hercules
325,Hiro Nakamura,good,Male,,,,NBC - Heroes,,,,hiro_nakamura
326,Hit-Girl,good,Female,,Human,,Icon Comics,,,,hit_girl
327,Hobgoblin,bad,Male,blue,,Grey,Marvel Comics,,180.0,83.0,hobgoblin
328,Hollow,good,Female,blue,,Red,Marvel Comics,,170.0,,hollow
329,Hope Summers,good,Female,green,,Red,Marvel Comics,,168.0,48.0,hope_summers
330,Howard the Duck,good,Male,brown,,Yellow,Marvel Comics,,79.0,18.0,howard_the_duck
331,Hulk,good,Male,green,Human / Radiation,Green,Marvel Comics,green,244.0,630.0,hulk
332,Human Torch,good,Male,blue,Human / Radiation,Blond,Marvel Comics,,178.0,77.0,human_torch
333,Huntress,good,Female,blue,,Black,DC Comics,,180.0,59.0,huntress
334,Husk,good,Female,blue,Mutant,Blond,Marvel Comics,,170.0,58.0,husk
335,Hybrid,good,Male,brown,Symbiote,Black,Marvel Comics,,175.0,77.0,hybrid
336,Hydro-Man,bad,Male,brown,,Brown,Marvel Comics,,188.0,119.0,hydro_man
337,Hyperion,good,Male,blue,Eternal,Red,Marvel Comics,,183.0,207.0,hyperion
338,Iceman,good,Male,brown,Mutant,Brown,Marvel Comics,,173.0,65.0,iceman
339,Impulse,good,Male,yellow,Human,Auburn,DC Comics,,170.0,65.0,impulse
340,Indiana Jones,good,Male,,Human,,George Lucas,,183.0,79.0,indiana_jones
341,Indigo,neutral,Female,,Alien,Purple,DC Comics,,,,indigo
342,Ink,good,Male,blue,Mutant,No Hair,Marvel Comics,,180.0,81.0,ink
343,Invisible Woman,good,Female,blue,Human / Radiation,Blond,Marvel Comics,,168.0,54.0,invisible_woman
344,Iron Fist,good,Male,blue,Human,Blond,Marvel Comics,,180.0,79.0,iron_fist
345,Iron Man,good,Male,blue,Human,Black,Marvel Comics,,198.0,191.0,iron_man
346,Iron Monger,bad,Male,blue,,No Hair,Marvel Comics,,,2.0,iron_monger
347,Isis,good,Female,,,,DC Comics,,,,isis
348,Jack Bauer,good,Male,,,,,,,,jack_bauer
349,Jack of Hearts,good,Male,blue / white,Human,Brown,Marvel Comics,,155.0,79.0,jack_of_hearts
350,Jack-Jack,good,Male,blue,Human,Brown,Dark Horse Comics,,71.0,14.0,jack_jack
351,James Bond,good,Male,blue,Human,Blond,Titan Books,,183.0,,james_bond
352,James T. Kirk,good,Male,hazel,Human,Brown,Star Trek,,178.0,77.0,james_t._kirk
353,Jar Jar Binks,good,Male,yellow,Gungan,,George Lucas,orange / white,193.0,,jar_jar_binks
354,Jason Bourne,good,Male,,Human,,,,,,jason_bourne
355,Jean Grey,good,Female,green,Mutant,Red,Marvel Comics,,168.0,52.0,jean_grey
356,Jean-Luc Picard,good,Male,,Human,,Star Trek,,,,jean_luc_picard
357,Jennifer Kale,good,Female,blue,,Blond,Marvel Comics,,168.0,55.0,jennifer_kale
358,Jesse Quick,good,Female,,Human,,DC Comics,,,,jesse_quick
359,Jessica Cruz,good,Female,green,Human,Brown,DC Comics,,,,jessica_cruz
360,Jessica Jones,good,Female,brown,Human,Brown,Marvel Comics,,170.0,56.0,jessica_jones
361,Jessica Sanders,good,Female,,,,NBC - Heroes,,,,jessica_sanders
362,Jigsaw,bad,Male,blue,,Black,Marvel Comics,,188.0,113.0,jigsaw
363,Jim Powell,good,Male,,,,ABC Studios,,,,jim_powell
364,JJ Powell,good,Male,,,,ABC Studios,,,,jj_powell
365,Johann Krauss,good,Male,,,,Dark Horse Comics,,,,johann_krauss
366,John Constantine,good,Male,blue,Human,Blond,DC Comics,,183.0,,john_constantine
367,John Stewart,good,Male,green,Human,Black,DC Comics,,185.0,90.0,john_stewart
368,John Wraith,good,Male,brown,,Black,Marvel Comics,,183.0,88.0,john_wraith
369,Joker,bad,Male,green,Human,Green,DC Comics,white,196.0,86.0,joker
370,Jolt,good,Female,blue,,Black,Marvel Comics,,165.0,49.0,jolt
371,Jubilee,good,Female,red,Mutant,Black,Marvel Comics,,165.0,52.0,jubilee
372,Judge Dredd,good,Male,,Human,,Rebellion,,188.0,,judge_dredd
373,Juggernaut,neutral,Male,blue,Human,Red,Marvel Comics,,287.0,855.0,juggernaut
374,Junkpile,bad,Male,,Mutant,,Marvel Comics,,,,junkpile
375,Justice,good,Male,hazel,Human,Brown,Marvel Comics,,178.0,81.0,justice
376,Jyn Erso,good,Female,green,Human,Brown,George Lucas,,,,jyn_erso
377,K-2SO,good,Male,white,Android,No Hair,George Lucas,gray,213.0,,k_2so
378,Kang,bad,Male,brown,,Brown,Marvel Comics,,191.0,104.0,kang
379,Karate Kid,good,Male,brown,Human,Brown,DC Comics,,173.0,72.0,karate_kid
380,Kathryn Janeway,good,Female,,Human,,Star Trek,,,,kathryn_janeway
381,Katniss Everdeen,good,Female,,Human,,,,,,katniss_everdeen
382,Kevin 11,good,Male,,Human,Black,DC Comics,,,,kevin_11
383,Kick-Ass,good,Male,blue,Human,Blond,Icon Comics,,,,kick_ass
384,Kid Flash,good,Male,green,Human,Red,DC Comics,,,,kid_flash
385,Kid Flash II,good,Male,,,,DC Comics,,,,kid_flash_ii
386,Killer Croc,bad,Male,red,Metahuman,No Hair,DC Comics,green,244.0,356.0,killer_croc
387,Killer Frost,bad,Female,blue,Human,Blond,DC Comics,blue,,,killer_frost
388,Kilowog,good,Male,red,Bolovaxian,No Hair,DC Comics,pink,234.0,324.0,kilowog
389,King Kong,good,Male,yellow,Animal,Black,,,30.5,,king_kong
390,King Shark,bad,Male,black,Animal,No Hair,DC Comics,,,,king_shark
391,Kingpin,bad,Male,blue,Human,No Hair,Marvel Comics,,201.0,203.0,kingpin
392,Klaw,bad,Male,red,Human,No Hair,Marvel Comics,red,188.0,97.0,klaw
393,Kool-Aid Man,good,Male,black,,No Hair,,red,,,kool_aid_man
394,Kraven II,bad,Male,brown,Human,Black,Marvel Comics,,191.0,99.0,kraven_ii
395,Kraven the Hunter,bad,Male,brown,Human,Black,Marvel Comics,,183.0,106.0,kraven_the_hunter
396,Krypto,good,Male,blue,Kryptonian,White,DC Comics,,64.0,18.0,krypto
397,Kyle Rayner,good,Male,green,Human,Black,DC Comics,,180.0,79.0,kyle_rayner
398,Kylo Ren,bad,Male,,Human,,George Lucas,,,,kylo_ren
399,Lady Bullseye,bad,Female,,,Black,Marvel Comics,,,,lady_bullseye
400,Lady Deathstrike,bad,Female,brown,Cyborg,Black,Marvel Comics,,175.0,58.0,lady_deathstrike
401,Leader,bad,Male,green,,No Hair,Marvel Comics,,178.0,63.0,leader
402,Leech,good,Male,,,,Marvel Comics,,,,leech
403,Legion,good,Male,green / blue,Mutant,Black,Marvel Comics,,175.0,59.0,legion
404,Leonardo,good,Male,blue,Mutant,No Hair,IDW Publishing,green,,,leonardo
405,Lex Luthor,bad,Male,green,Human,No Hair,DC Comics,,188.0,95.0,lex_luthor
406,Light Lass,good,Female,blue,,Red,DC Comics,,165.0,54.0,light_lass
407,Lightning Lad,good,Male,blue,,Red,DC Comics,,155.0,65.0,lightning_lad
408,Lightning Lord,bad,Male,blue,,Red,DC Comics,,191.0,95.0,lightning_lord
409,Living Brain,bad,,yellow,,,Marvel Comics,,198.0,360.0,living_brain
410,Living Tribunal,neutral,,blue,Cosmic Entity,No Hair,Marvel Comics,gold,,,living_tribunal
411,Liz Sherman,good,Female,,,,Dark Horse Comics,,,,liz_sherman
412,Lizard,bad,Male,red,Human,No Hair,Marvel Comics,,203.0,230.0,lizard
413,Lobo,neutral,Male,red,Czarnian,Black,DC Comics,blue-white,229.0,288.0,lobo
414,Loki,bad,Male,green,Asgardian,Black,Marvel Comics,,193.0,236.0,loki
415,Longshot,good,Male,blue,Human,Blond,Marvel Comics,,188.0,36.0,longshot
416,Luke Cage,good,Male,brown,Human,Black,Marvel Comics,,198.0,191.0,luke_cage
417,Luke Campbell,bad,Male,,,,NBC - Heroes,,,,luke_campbell
418,Luke Skywalker,good,Male,blue,Human,Blond,George Lucas,,168.0,77.0,luke_skywalker
419,Luna,good,Female,,Human,,Marvel Comics,,,,luna
420,Lyja,good,Female,green,,Green,Marvel Comics,,,,lyja
421,Mach-IV,bad,Male,brown,,Brown,Marvel Comics,,180.0,79.0,mach_iv
422,Machine Man,good,,red,,Black,Marvel Comics,,183.0,383.0,machine_man
423,Magneto,bad,Male,grey,Mutant,White,Marvel Comics,,188.0,86.0,magneto
424,Magog,good,Male,blue,,Blond,DC Comics,,,,magog
425,Magus,bad,Male,black,,,Marvel Comics,,183.0,,magus
426,Man of Miracles,,,blue,God / Eternal,Silver,Image Comics,,,,man_of_miracles
427,Man-Bat,neutral,Male,brown,Human,Brown,DC Comics,,,,man_bat
428,Man-Thing,good,Male,red,,No Hair,Marvel Comics,green,213.0,225.0,man_thing
429,Man-Wolf,good,Male,brown,,Auburn,Marvel Comics,,188.0,90.0,man_wolf
430,Mandarin,bad,Male,blue,Human,White,Marvel Comics,,188.0,97.0,mandarin
431,Mantis,good,Female,green,Human-Kree,Black,Marvel Comics,green,168.0,52.0,mantis
432,Martian Manhunter,good,Male,red,Martian,No Hair,DC Comics,green,201.0,135.0,martian_manhunter
433,Marvel Girl,good,Female,green,,Red,Marvel Comics,,170.0,56.0,marvel_girl
434,Master Brood,good,Male,blue,,Black,Team Epic TV,,183.0,81.0,master_brood
435,Master Chief,good,Male,brown,Human / Altered,Brown,Microsoft,,213.0,,master_chief
436,Match,bad,Male,black,,Black,DC Comics,,,,match
437,Matt Parkman,good,Male,,,,NBC - Heroes,,,,matt_parkman
438,Maverick,good,Male,blue,,Black,Marvel Comics,,193.0,110.0,maverick
439,Maxima,bad,Female,brown,,Red,DC Comics,,180.0,72.0,maxima
440,Maya Herrera,good,Female,,,,NBC - Heroes,,,,maya_herrera
441,Medusa,good,Female,green,Inhuman,Red,Marvel Comics,,180.0,59.0,medusa
442,Meltdown,good,Female,blue,,Blond,Marvel Comics,,165.0,54.0,meltdown
443,Mephisto,bad,Male,white,,Black,Marvel Comics,,198.0,140.0,mephisto
444,Mera,good,Female,blue,Atlantean,Red,DC Comics,,175.0,72.0,mera
445,Metallo,bad,Male,green,Android,Brown,DC Comics,,196.0,90.0,metallo
446,Metamorpho,good,Male,black,,No Hair,DC Comics,,185.0,90.0,metamorpho
447,Meteorite,good,Female,,,,Marvel Comics,,,,meteorite
448,Metron,good,Male,blue,,Black,DC Comics,,185.0,86.0,metron
449,Micah Sanders,good,Male,brown,,Black,NBC - Heroes,,,,micah_sanders
450,Michelangelo,good,Male,blue,Mutant,,IDW Publishing,green,,,michelangelo
451,Micro Lad,good,Male,grey,,Brown,DC Comics,,183.0,77.0,micro_lad
452,Mimic,good,Male,brown,,Brown,Marvel Comics,,188.0,101.0,mimic
453,Minna Murray,good,Female,,,,Wildstorm,,,,minna_murray
454,Misfit,good,Female,blue,,Red,DC Comics,,,,misfit
455,Miss Martian,good,Female,red,,Red,DC Comics,,178.0,61.0,miss_martian
456,Mister Fantastic,good,Male,brown,Human / Radiation,Brown,Marvel Comics,,185.0,81.0,mister_fantastic
457,Mister Freeze,bad,Male,,Human,,DC Comics,,183.0,86.0,mister_freeze
458,Mister Knife,bad,Male,blue,Spartoi,Brown,Marvel Comics,,,,mister_knife
459,Mister Mxyzptlk,bad,Male,,God / Eternal,,DC Comics,,,,mister_mxyzptlk
460,Mister Sinister,bad,Male,red,Human / Altered,Black,Marvel Comics,,196.0,128.0,mister_sinister
461,Mister Zsasz,bad,Male,blue,Human,Blond,DC Comics,,,,mister_zsasz
462,Mockingbird,good,Female,blue,Human,Blond,Marvel Comics,,175.0,61.0,mockingbird
463,MODOK,bad,Male,white,Cyborg,Brownn,Marvel Comics,,366.0,338.0,modok
464,Mogo,good,Male,,Planet,,DC Comics,,,,mogo
465,Mohinder Suresh,good,Male,,,,NBC - Heroes,,,,mohinder_suresh
466,Moloch,bad,Male,,,,DC Comics,,,,moloch
467,Molten Man,bad,Male,gold,,Gold,Marvel Comics,,196.0,248.0,molten_man
468,Monarch,good,Male,blue,,White,DC Comics,,193.0,90.0,monarch
469,Monica Dawson,good,Female,,,,NBC - Heroes,,,,monica_dawson
470,Moon Knight,good,Male,brown,Human,Brown,Marvel Comics,,188.0,101.0,moon_knight
471,Moonstone,bad,Female,blue,,Blond,Marvel Comics,,180.0,59.0,moonstone
472,Morlun,bad,Male,white / red,,Black,Marvel Comics,,188.0,79.0,morlun
473,Morph,good,Male,white,,No Hair,Marvel Comics,,178.0,79.0,morph
474,Moses Magnum,bad,Male,brown,,Black,Marvel Comics,,175.0,72.0,moses_magnum
475,Mr Immortal,good,Male,blue,Mutant,Blond,Marvel Comics,,188.0,70.0,mr_immortal
476,Mr Incredible,good,Male,blue,Human,Blond,Dark Horse Comics,,201.0,158.0,mr_incredible
477,Ms Marvel II,good,Female,blue,,Red,Marvel Comics,,173.0,61.0,ms_marvel_ii
478,Multiple Man,good,Male,blue,,Brown,Marvel Comics,,180.0,70.0,multiple_man
479,Mysterio,bad,Male,brown,Human,No Hair,Marvel Comics,,180.0,79.0,mysterio
480,Mystique,bad,Female,yellow (without irises),Mutant,Red / Orange,Marvel Comics,blue,178.0,54.0,mystique
481,Namor,good,Male,,,,Marvel Comics,,,,namor
482,Namor,good,Male,grey,Atlantean,Black,Marvel Comics,,188.0,125.0,namor
483,Namora,good,Female,blue,,Blond,Marvel Comics,,180.0,85.0,namora
484,Namorita,good,Female,blue,,Blond,Marvel Comics,,168.0,101.0,namorita
485,Naruto Uzumaki,good,Male,,Human,,Shueisha,,168.0,54.0,naruto_uzumaki
486,Nathan Petrelli,good,Male,brown,,,NBC - Heroes,,,,nathan_petrelli
487,Nebula,bad,Female,blue,Luphomoid,No Hair,Marvel Comics,blue,185.0,83.0,nebula
488,Negasonic Teenage Warhead,good,Female,black,Mutant,Black,Marvel Comics,,,,negasonic_teenage_warhead
489,Nick Fury,good,Male,brown,Human,Brown / White,Marvel Comics,,185.0,99.0,nick_fury
490,Nightcrawler,good,Male,yellow,,Indigo,Marvel Comics,,175.0,88.0,nightcrawler
491,Nightwing,good,Male,blue,Human,Black,DC Comics,,178.0,79.0,nightwing
492,Niki Sanders,good,Female,blue,,Blond,NBC - Heroes,,,,niki_sanders
493,Nina Theroux,good,Female,,Alpha,,SyFy,,,,nina_theroux
494,Nite Owl II,good,Male,,,,DC Comics,,,,nite_owl_ii
495,Northstar,good,Male,blue,,Black,Marvel Comics,,180.0,83.0,northstar
496,Nova,good,Male,brown,Human,Brown,Marvel Comics,,185.0,86.0,nova
497,Nova,good,Female,white,Human / Cosmic,Red,Marvel Comics,gold,163.0,59.0,nova
498,Odin,good,Male,blue,God / Eternal,White,Marvel Comics,,206.0,293.0,odin
499,Offspring,good,Male,,,,DC Comics,,,,offspring
500,Omega Red,bad,Male,red,,Blond,Marvel Comics,,211.0,191.0,omega_red
501,Omniscient,good,Male,brown,,Black,Team Epic TV,,180.0,65.0,omniscient
502,One Punch Man,good,Male,,Human,No Hair,Shueisha,,175.0,69.0,one_punch_man
503,One-Above-All,neutral,,,Cosmic Entity,,Marvel Comics,,,,one_above_all
504,Onslaught,bad,Male,red,Mutant,No Hair,Marvel Comics,,305.0,405.0,onslaught
505,Oracle,good,Female,blue,Human,Red,DC Comics,,178.0,59.0,oracle
506,Osiris,good,Male,brown,,Brown,DC Comics,,,,osiris
507,Overtkill,bad,Male,,,,Image Comics,,,,overtkill
508,Ozymandias,bad,Male,blue,Human,Blond,DC Comics,,,,ozymandias
509,Parademon,bad,,,Parademon,,DC Comics,,,,parademon
510,Paul Blart,good,Male,,Human,,Sony Pictures,,170.0,117.0,paul_blart
511,Penance,good,,,,,Marvel Comics,,,,penance
512,Penance I,good,Female,,,,Marvel Comics,,,,penance_i
513,Penance II,good,Male,blue,,Blond,Marvel Comics,,183.0,89.0,penance_ii
514,Penguin,bad,Male,blue,Human,Black,DC Comics,,157.0,79.0,penguin
515,Peter Petrelli,good,Male,,,,NBC - Heroes,,,,peter_petrelli
516,Phantom,good,Male,,,,DC Comics,,,,phantom
517,Phantom Girl,good,Female,blue,,Black,DC Comics,,168.0,54.0,phantom_girl
518,Phoenix,good,Female,green,Mutant,Red,Marvel Comics,,168.0,52.0,phoenix
519,Plantman,bad,Male,green,Mutant,Grey,Marvel Comics,,183.0,87.0,plantman
520,Plastic Lad,good,Male,,,,DC Comics,,,,plastic_lad
521,Plastic Man,good,Male,blue,Human,Black,DC Comics,,185.0,80.0,plastic_man
522,Plastique,bad,Female,blue,,Red,DC Comics,,168.0,55.0,plastique
523,Poison Ivy,bad,Female,green,Human,Red,DC Comics,green,168.0,50.0,poison_ivy
524,Polaris,good,Female,green,Mutant,Green,Marvel Comics,,170.0,52.0,polaris
525,Power Girl,good,Female,blue,Kryptonian,blond,DC Comics,,180.0,81.0,power_girl
526,Power Man,good,Male,,Mutant,,Marvel Comics,,,,power_man
527,Predator,bad,Male,,Yautja,,Dark Horse Comics,,213.0,234.0,predator
528,Professor X,good,Male,blue,Mutant,No Hair,Marvel Comics,,183.0,86.0,professor_x
529,Professor Zoom,bad,Male,blue,Human,Strawberry Blond,DC Comics,,180.0,81.0,professor_zoom
530,Proto-Goblin,bad,Male,green,,Blond,Marvel Comics,,,,proto_goblin
531,Psylocke,good,Female,blue,Mutant,Purple,Marvel Comics,,180.0,70.0,psylocke
532,Punisher,good,Male,blue,Human,Black,Marvel Comics,,183.0,90.0,punisher
533,Purple Man,bad,Male,purple,Human,Purple,Marvel Comics,purple,180.0,74.0,purple_man
534,Pyro,bad,Male,blue,,Blond,Marvel Comics,,178.0,68.0,pyro
535,Q,,Male,,God / Eternal,,Star Trek,,,,q
536,Quantum,good,Male,,,,HarperCollins,,,,quantum
537,Question,good,Male,blue,Human,Blond,DC Comics,,188.0,83.0,question
538,Quicksilver,good,Male,blue,Mutant,Silver,Marvel Comics,,183.0,79.0,quicksilver
539,Quill,good,Male,brown,,Brown,Marvel Comics,,163.0,56.0,quill
540,Ra's Al Ghul,bad,Male,green,Human,Grey,DC Comics,,193.0,97.0,ra_s_al_ghul
541,Rachel Pirzad,good,Female,,Alpha,,SyFy,,,,rachel_pirzad
542,Rambo,good,Male,brown,Human,Black,,,178.0,83.0,rambo
543,Raphael,good,Male,,Mutant,No Hair,IDW Publishing,green,,,raphael
544,Raven,neutral,Female,indigo,Human,Black,DC Comics,,165.0,50.0,raven
545,Ray,good,Male,green,Human,Red,DC Comics,,178.0,70.0,ray
546,Razor-Fist II,bad,Male,blue,,No Hair,Marvel Comics,,191.0,117.0,razor_fist_ii
547,Red Arrow,good,Male,green,Human,Red,DC Comics,,180.0,83.0,red_arrow
548,Red Hood,neutral,Male,blue,Human,Black,DC Comics,,183.0,81.0,red_hood
549,Red Hulk,neutral,Male,yellow,Human / Radiation,Black,Marvel Comics,red,213.0,630.0,red_hulk
550,Red Mist,bad,Male,,,,Icon Comics,,,,red_mist
551,Red Robin,good,Male,blue,Human,Black,DC Comics,,165.0,56.0,red_robin
552,Red Skull,bad,Male,blue,,No Hair,Marvel Comics,,188.0,108.0,red_skull
553,Red Tornado,good,Male,green,Android,No Hair,DC Comics,,185.0,146.0,red_tornado
554,Redeemer II,bad,Male,,,,Image Comics,,,,redeemer_ii
555,Redeemer III,bad,Male,,,,Image Comics,,,,redeemer_iii
556,Renata Soliz,good,Female,,,,HarperCollins,,,,renata_soliz
557,Rey,good,Female,hazel,Human,Brown,George Lucas,,297.0,,rey
558,Rhino,bad,Male,brown,Human / Radiation,Brown,Marvel Comics,,196.0,320.0,rhino
559,Rick Flag,bad,Male,blue,,Brown,DC Comics,,185.0,85.0,rick_flag
560,Riddler,bad,Male,,,,DC Comics,,,,riddler
561,Rip Hunter,good,Male,blue,Human,Blond,DC Comics,,,,rip_hunter
562,Ripcord,good,Female,green,,Black,Marvel Comics,,180.0,72.0,ripcord
563,Robin,good,Male,blue,Human,Black,DC Comics,,178.0,79.0,robin
564,Robin II,good,Male,blue,Human,Red,DC Comics,,183.0,101.0,robin_ii
565,Robin III,good,Male,blue,Human,Black,DC Comics,,165.0,56.0,robin_iii
566,Robin V,good,Male,blue,Human,Black,DC Comics,,137.0,38.0,robin_v
567,Robin VI,neutral,Female,green,Human,Red,DC Comics,,,,robin_vi
568,Rocket Raccoon,good,Male,brown,Animal,Brown,Marvel Comics,,122.0,25.0,rocket_raccoon
569,Rogue,good,Female,green,,Brown / White,Marvel Comics,,173.0,54.0,rogue
570,Ronin,good,Male,blue,Human,Blond,Marvel Comics,,191.0,104.0,ronin
571,Rorschach,good,Male,blue,Human,Red,DC Comics,,168.0,63.0,rorschach
572,Sabretooth,bad,Male,amber,Mutant,Blond,Marvel Comics,,198.0,171.0,sabretooth
573,Sage,good,Female,blue,,Black,Marvel Comics,,170.0,61.0,sage
574,Sandman,neutral,Male,brown,Human,Brown,Marvel Comics,,185.0,203.0,sandman
575,Sasquatch,good,Male,red,,Orange,Marvel Comics,,305.0,900.0,sasquatch
576,Sauron,bad,Male,,Maiar,,J. R. R. Tolkien,,279.0,,sauron
577,Savage Dragon,good,Male,,,,Image Comics,,,,savage_dragon
578,Scarecrow,bad,Male,blue,Human,Brown,DC Comics,,183.0,63.0,scarecrow
579,Scarlet Spider,good,Male,blue,Human,Blond,Marvel Comics,,178.0,74.0,scarlet_spider
580,Scarlet Spider II,good,Male,brown,Clone,Brown,Marvel Comics,,193.0,113.0,scarlet_spider_ii
581,Scarlet Witch,bad,Female,blue,Mutant,Brown,Marvel Comics,,170.0,59.0,scarlet_witch
582,Scorpia,bad,Female,green,,Red,Marvel Comics,,,,scorpia
583,Scorpion,bad,Male,brown,Human,Brown,Marvel Comics,,211.0,310.0,scorpion
584,Sebastian Shaw,bad,Male,,Mutant,,Marvel Comics,,,,sebastian_shaw
585,Sentry,neutral,Male,blue,Mutant,Blond,Marvel Comics,,188.0,87.0,sentry
586,Shadow King,good,,red,,,Marvel Comics,,185.0,149.0,shadow_king
587,Shadow Lass,good,Female,black,Talokite,Black,DC Comics,blue,173.0,54.0,shadow_lass
588,Shadowcat,good,Female,hazel,Mutant,Brown,Marvel Comics,,168.0,50.0,shadowcat
589,Shang-Chi,good,Male,brown,Human,Black,Marvel Comics,,178.0,79.0,shang_chi
590,Shatterstar,good,Male,brown,,Red,Marvel Comics,,191.0,88.0,shatterstar
591,She-Hulk,good,Female,green,Human,Green,Marvel Comics,,201.0,315.0,she_hulk
592,She-Thing,good,Female,blue,Human / Radiation,No Hair,Marvel Comics,,183.0,153.0,she_thing
593,Shocker,bad,Male,brown,Human,Brown,Marvel Comics,,175.0,79.0,shocker
594,Shriek,good,Female,yellow / blue,,Black,Marvel Comics,,173.0,52.0,shriek
595,Shrinking Violet,good,Female,,,,DC Comics,,,,shrinking_violet
596,Sif,good,Female,blue,Asgardian,Black,Marvel Comics,,188.0,191.0,sif
597,Silk,good,Female,brown,Human,Black,Marvel Comics,,,,silk
598,Silk Spectre,good,Female,,,,DC Comics,,,,silk_spectre
599,Silk Spectre II,good,Female,,,,DC Comics,,,,silk_spectre_ii
600,Silver Surfer,good,Male,white,Alien,No Hair,Marvel Comics,silver,193.0,101.0,silver_surfer
601,Silverclaw,good,Female,brown,,Black,Marvel Comics,,157.0,50.0,silverclaw
602,Simon Baz,good,Male,bown,Human,Black,DC Comics,,,,simon_baz
603,Sinestro,neutral,Male,black,Korugaran,Black,DC Comics,red,201.0,92.0,sinestro
604,Siren,bad,Female,blue,Atlantean,Purple,DC Comics,,175.0,72.0,siren
605,Siren II,bad,Female,black,,,DC Comics,,,,siren_ii
606,Siryn,bad,Female,blue,,Strawberry Blond,Marvel Comics,,168.0,52.0,siryn
607,Skaar,good,Male,green,,Black,Marvel Comics,,198.0,180.0,skaar
608,Snake-Eyes,bad,Male,,Animal,,Marvel Comics,,,,snake_eyes
609,Snowbird,good,Female,white,,Blond,Marvel Comics,,178.0,49.0,snowbird
610,Sobek,good,Male,white,,No Hair,DC Comics,,,,sobek
611,Solomon Grundy,bad,Male,black,Zombie,White,DC Comics,,279.0,437.0,solomon_grundy
612,Songbird,good,Female,green,,Red / White,Marvel Comics,,165.0,65.0,songbird
613,Space Ghost,good,Male,,Human,,DC Comics,,188.0,113.0,space_ghost
614,Spawn,good,Male,brown,Demon,Black,Image Comics,,211.0,405.0,spawn
615,Spectre,good,Male,white,God / Eternal,No Hair,DC Comics,white,,,spectre
616,Speedball,good,Male,,,,Marvel Comics,,,,speedball
617,Speedy,good,Male,,Human,,DC Comics,,,,speedy
618,Speedy,good,Female,green,Human,Brown,DC Comics,,,,speedy
619,Spider-Carnage,bad,Male,,Symbiote,,Marvel Comics,,,,spider_carnage
620,Spider-Girl,good,Female,blue,Human,Brown,Marvel Comics,,170.0,54.0,spider_girl
621,Spider-Gwen,good,Female,blue,Human,Blond,Marvel Comics,,165.0,56.0,spider_gwen
622,Spider-Man,good,Male,hazel,Human,Brown,Marvel Comics,,178.0,74.0,spider_man
623,Spider-Man,good,,red,Human,Brown,Marvel Comics,,178.0,77.0,spider_man
624,Spider-Man,good,Male,brown,Human,Black,Marvel Comics,,157.0,56.0,spider_man
625,Spider-Woman,good,Female,green,Human,Black,Marvel Comics,,178.0,59.0,spider_woman
626,Spider-Woman II,good,Female,,,,Marvel Comics,,,,spider_woman_ii
627,Spider-Woman III,good,Female,brown,,Brown,Marvel Comics,,173.0,55.0,spider_woman_iii
628,Spider-Woman IV,bad,Female,red,,White,Marvel Comics,,178.0,58.0,spider_woman_iv
629,Spock,good,Male,brown,Human-Vulcan,Black,Star Trek,,185.0,81.0,spock
630,Spyke,good,Male,brown,Mutant,Blond,Marvel Comics,,183.0,83.0,spyke
631,Stacy X,good,Female,,,,Marvel Comics,,,,stacy_x
632,Star-Lord,good,Male,blue,Human-Spartoi,Blond,Marvel Comics,,188.0,79.0,star_lord
633,Stardust,good,Male,,,,Marvel Comics,,,,stardust
634,Starfire,good,Female,green,Tamaranean,Auburn,DC Comics,orange,193.0,71.0,starfire
635,Stargirl,good,Female,blue,Human,Blond,DC Comics,,165.0,62.0,stargirl
636,Static,good,Male,brown,Mutant,Black,DC Comics,,170.0,63.0,static
637,Steel,good,Male,brown,,No Hair,DC Comics,,201.0,131.0,steel
638,Stephanie Powell,good,Female,,,Blond,ABC Studios,,,,stephanie_powell
639,Steppenwolf,bad,Male,red,New God,Black,DC Comics,white,183.0,91.0,steppenwolf
640,Storm,good,Female,blue,Mutant,White,Marvel Comics,,180.0,57.0,storm
641,Stormtrooper,bad,Male,,Human,,George Lucas,,183.0,,stormtrooper
642,Sunspot,good,Male,brown,Mutant,black,Marvel Comics,,173.0,77.0,sunspot
643,Superboy,good,Male,blue,,Black,DC Comics,,170.0,68.0,superboy
644,Superboy-Prime,bad,Male,blue,Kryptonian,Black / Blue,DC Comics,,180.0,77.0,superboy_prime
645,Supergirl,good,Female,blue,Kryptonian,Blond,DC Comics,,165.0,54.0,supergirl
646,Superman,good,Male,blue,Kryptonian,Black,DC Comics,,191.0,101.0,superman
647,Swamp Thing,bad,Male,red,God / Eternal,No Hair,DC Comics,green,,,swamp_thing
648,Swarm,bad,Male,yellow,Mutant,No Hair,Marvel Comics,yellow,196.0,47.0,swarm
649,Sylar,bad,Male,,,,NBC - Heroes,,,,sylar
650,Synch,good,Male,brown,,Black,Marvel Comics,,180.0,74.0,synch
651,T-1000,bad,Male,,Android,,Dark Horse Comics,silver,183.0,146.0,t_1000
652,T-800,bad,Male,red,Cyborg,,Dark Horse Comics,,,176.0,t_800
653,T-850,bad,Male,red,Cyborg,,Dark Horse Comics,,,198.0,t_850
654,T-X,bad,Female,,Cyborg,,Dark Horse Comics,silver,,149.0,t_x
655,Taskmaster,bad,Male,brown,Human,Brown,Marvel Comics,,188.0,99.0,taskmaster
656,Tempest,good,Female,brown,,Black,Marvel Comics,,163.0,54.0,tempest
657,Thanos,bad,Male,red,Eternal,No Hair,Marvel Comics,purple,201.0,443.0,thanos
658,The Cape,good,Male,,,,,,,,the_cape
659,The Comedian,neutral,Male,brown,Human,Black,DC Comics,,188.0,101.0,the_comedian
660,Thing,good,Male,blue,Human / Radiation,No Hair,Marvel Comics,,183.0,225.0,thing
661,Thor,good,Male,blue,Asgardian,Blond,Marvel Comics,,198.0,288.0,thor
662,Thor Girl,good,Female,blue,Asgardian,Blond,Marvel Comics,,175.0,143.0,thor_girl
663,Thunderbird,good,Male,brown,,Black,Marvel Comics,,185.0,101.0,thunderbird
664,Thunderbird II,good,Male,,,,Marvel Comics,,,,thunderbird_ii
665,Thunderbird III,good,Male,brown,,Black,Marvel Comics,,175.0,74.0,thunderbird_iii
666,Thunderstrike,good,Male,blue,,Blond,Marvel Comics,,198.0,288.0,thunderstrike
667,Thundra,good,Female,green,,Red,Marvel Comics,,218.0,158.0,thundra
668,Tiger Shark,bad,Male,grey,Human,No Hair,Marvel Comics,grey,185.0,203.0,tiger_shark
669,Tigra,good,Female,green,,Auburn,Marvel Comics,,178.0,81.0,tigra
670,Tinkerer,bad,Male,brown,,White,Marvel Comics,,163.0,54.0,tinkerer
671,Titan,good,Male,,,,HarperCollins,,,,titan
672,Toad,neutral,Male,black,Mutant,Brown,Marvel Comics,green,175.0,76.0,toad
673,Toxin,good,Male,blue,Symbiote,Brown,Marvel Comics,,188.0,97.0,toxin
674,Toxin,good,Male,black,Symbiote,Blond,Marvel Comics,,191.0,117.0,toxin
675,Tracy Strauss,good,Female,,,,NBC - Heroes,,,,tracy_strauss
676,Trickster,,Male,blue,Human,Blond,DC Comics,,183.0,81.0,trickster
677,Trigon,bad,Male,yellow,God / Eternal,Black,DC Comics,red,,,trigon
678,Triplicate Girl,good,Female,purple,,Brown,DC Comics,,168.0,59.0,triplicate_girl
679,Triton,good,Male,green,Inhuman,No Hair,Marvel Comics,green,188.0,86.0,triton
680,Two-Face,bad,Male,,,,DC Comics,,183.0,82.0,two_face
681,Ultragirl,good,Female,blue,,Blond,Marvel Comics,,168.0,105.0,ultragirl
682,Ultron,bad,Male,red,Android,,Marvel Comics,silver,206.0,331.0,ultron
683,Utgard-Loki,bad,Male,blue,Frost Giant,White,Marvel Comics,,15.2,58.0,utgard_loki
684,Vagabond,good,Female,blue,,Strawberry Blond,Marvel Comics,,168.0,54.0,vagabond
685,Valerie Hart,good,Female,hazel,,Black,Team Epic TV,,175.0,56.0,valerie_hart
686,Valkyrie,good,Female,blue,,Blond,Marvel Comics,,191.0,214.0,valkyrie
687,Vanisher,bad,Male,green,,No Hair,Marvel Comics,,165.0,79.0,vanisher
688,Vegeta,bad,Male,,Saiyan,Black,Shueisha,,168.0,73.0,vegeta
689,Venom,bad,Male,blue,Symbiote,Strawberry Blond,Marvel Comics,,191.0,117.0,venom
690,Venom II,bad,Male,brown,,Black,Marvel Comics,,175.0,50.0,venom_ii
691,Venom III,bad,Male,brown,Symbiote,Brown,Marvel Comics,,229.0,334.0,venom_iii
692,Venompool,,Male,,Symbiote,,Marvel Comics,,226.0,,venompool
693,Vertigo II,good,Female,blue,,Silver,Marvel Comics,,168.0,52.0,vertigo_ii
694,Vibe,good,Male,brown,Human,Black,DC Comics,,178.0,71.0,vibe
695,Vindicator,good,Female,green,Human,Red,Marvel Comics,,165.0,54.0,vindicator
696,Vindicator,good,Male,,,,Marvel Comics,,,,vindicator
697,Violator,bad,Male,,,,Image Comics,,,,violator
698,Violet Parr,good,Female,violet,Human,Black,Dark Horse Comics,,137.0,41.0,violet_parr
699,Vision,good,Male,gold,Android,No Hair,Marvel Comics,red,191.0,135.0,vision
700,Vision II,good,,red,,No Hair,Marvel Comics,,191.0,135.0,vision_ii
701,Vixen,good,Female,amber,Human,Black,DC Comics,,175.0,63.0,vixen
702,Vulcan,good,Male,black,,Black,Marvel Comics,,,,vulcan
703,Vulture,bad,Male,brown,Human,No Hair,Marvel Comics,,180.0,79.0,vulture
704,Walrus,bad,Male,blue,Human,Black,Marvel Comics,,183.0,162.0,walrus
705,War Machine,good,Male,brown,Human,Brown,Marvel Comics,,185.0,95.0,war_machine
706,Warbird,good,Female,blue,,Blond,Marvel Comics,,180.0,54.0,warbird
707,Warlock,good,Male,red,,Blond,Marvel Comics,,188.0,108.0,warlock
708,Warp,bad,Male,brown,,Black,DC Comics,,173.0,67.0,warp
709,Warpath,good,Male,brown,Mutant,Black,Marvel Comics,,218.0,158.0,warpath
710,Wasp,good,Female,blue,Human,Auburn,Marvel Comics,,163.0,50.0,wasp
711,Watcher,good,Male,,,,Marvel Comics,,,,watcher
712,Weapon XI,bad,Male,,,,Marvel Comics,,,,weapon_xi
713,White Canary,bad,Female,brown,Human,Black,DC Comics,,,,white_canary
714,White Queen,good,Female,blue,,Blond,Marvel Comics,,178.0,65.0,white_queen
715,Wildfire,good,Male,,,,DC Comics,,,,wildfire
716,Winter Soldier,good,Male,brown,Human,Brown,Marvel Comics,,175.0,117.0,winter_soldier
717,Wiz Kid,good,,brown,,Black,Marvel Comics,,140.0,39.0,wiz_kid
718,Wolfsbane,good,Female,green,,Auburn,Marvel Comics,,366.0,473.0,wolfsbane
719,Wolverine,good,Male,blue,Mutant,Black,Marvel Comics,,160.0,135.0,wolverine
720,Wonder Girl,good,Female,blue,Demi-God,Blond,DC Comics,,165.0,51.0,wonder_girl
721,Wonder Man,good,Male,red,,Black,Marvel Comics,,188.0,171.0,wonder_man
722,Wonder Woman,good,Female,blue,Amazon,Black,DC Comics,,183.0,74.0,wonder_woman
723,Wondra,good,Female,,,,Marvel Comics,,,,wondra
724,Wyatt Wingfoot,good,Male,brown,,Black,Marvel Comics,,196.0,117.0,wyatt_wingfoot
725,X-23,good,Female,green,Mutant / Clone,Black,Marvel Comics,,155.0,50.0,x_23
726,X-Man,good,Male,blue,,Brown,Marvel Comics,,175.0,61.0,x_man
727,Yellow Claw,bad,Male,blue,,No Hair,Marvel Comics,,188.0,95.0,yellow_claw
728,Yellowjacket,good,Male,blue,Human,Blond,Marvel Comics,,183.0,83.0,yellowjacket
729,Yellowjacket II,good,Female,blue,Human,Strawberry Blond,Marvel Comics,,165.0,52.0,yellowjacket_ii
730,Ymir,good,Male,white,Frost Giant,No Hair,Marvel Comics,white,304.8,,ymir
731,Yoda,good,Male,brown,Yoda's species,White,George Lucas,green,66.0,17.0,yoda
732,Zatanna,good,Female,blue,Human,Black,DC Comics,,170.0,57.0,zatanna
733,Zoom,bad,Male,red,,Brown,DC Comics,,185.0,81.0,zoom
